Workbook

Sheet RF_AUC
A1: Source→Target | B1: OTOMO | C1: CORAL | D1: TCA+ | E1: DPP | F1: ADASYN | G1: SMOTE | H1: TOMO | I1: Source | J1: OTOMO | K1: CORAL | L1: TCA+ | M1: DPP | N1: ADASYN | O1: SMOTE | P1: TOMO
A2: NASA | I2: NASA
A3: CM1→MW1 | B3: 0.7554 +/- 0.0103 | C3: 0.7272 +/- 0.0249 | D3: 0.7075 +/- 0.0174 | E3: 0.7927 +/- 0.0160 | F3: 0.7867 +/- 0.0107 | G3: 0.7815 +/- 0.0132 | H3: 0.5159 +/- 0.0234 | I3: =A3 -> CM1→MW1 | J3: =IFERROR(__xludf.DUMMYFUNCTION("TEXT(VALUE(REGEXEXTRACT(B3,""^[+-]?[0-9]*\.?[0-9]+""))*100,""0.00"")&"" +/- ""&TEXT(VALUE(REGEXEXTRACT(B3,""[0-9]*\.?[0-9]+$""))*100,""0.00"")"),"75.54 +/- 1.03") -> 75.54 +/- 1.03 | K3: =IFERROR(__xludf.DUMMYFUNCTION("TEXT(VALUE(REGEXEXTRACT(C3,""^[+-]?[0-9]*\.?[0-9]+""))*100,""0.00"")&"" +/- ""&TEXT(VALUE(REGEXEXTRACT(C3,""[0-9]*\.?[0-9]+$""))*100,""0.00"")"),"72.72 +/- 2.49") -> 72.72 +/- 2.49 | L3: =IFERROR(__xludf.DUMMYFUNCTION("TEXT(VALUE(REGEXEXTRACT(D3,""^[+-]?[0-9]*\.?[0-9]+""))*100,""0.00"")&"" +/- ""&TEXT(VALUE(REGEXEXTRACT(D3,""[0-9]*\.?[0-9]+$""))*100,""0.00"")"),"70.75 +/- 1.74") -> 70.75 +/- 1.74 | M3: =IFERROR(__xludf.DUMMYFUNCTION("TEXT(VALUE(REGEXEXTRACT(E3,""^[+-]?[0-9]*\.?[0-9]+""))*100,""0.00"")&"" +/- ""&TEXT(VALUE(REGEXEXTRACT(E3,""[0-9]*\.?[0-9]+$""))*100,""0.00"")"),"79.27 +/- 1.60") -> 79.27 +/- 1.60 | N3: =IFERROR(__xludf.DUMMYFUNCTION("TEXT(VALUE(REGEXEXTRACT(F3,""^[+-]?[0-9]*\.?[0-9]+""))*100,""0.00"")&"" +/- ""&TEXT(VALUE(REGEXEXTRACT(F3,""[0-9]*\.?[0-9]+$""))*100,""0.00"")"),"78.67 +/- 1.07") -> 78.67 +/- 1.07 | O3: =IFERROR(__xludf.DUMMYFUNCTION("TEXT(VALUE(REGEXEXTRACT(G3,""^[+-]?[0-9]*\.?[0-9]+""))*100,""0.00"")&"" +/- ""&TEXT(VALUE(REGEXEXTRACT(G3,""[0-9]*\.?[0-9]+$""))*100,""0.00"")"),"78.15 +/- 1.32") -> 78.15 +/- 1.32 | P3: =IFERROR(__xludf.DUMMYFUNCTION("TEXT(VALUE(REGEXEXTRACT(H3,""^[+-]?[0-9]*\.?[0-9]+""))*100,""0.00"")&"" +/- ""&TEXT(VALUE(REGEXEXTRACT(H3,""[0-9]*\.?[0-9]+$""))*100,""0.00"")"),"51.59 +/- 2.34") -> 51.59 +/- 2.34
A4: CM1→PC1 | B4: 0.7377 +/- 0.0074 | C4: 0.8017 +/- 0.0078 | D4: 0.7924 +/- 0.0111 | E4: 0.7657 +/- 0.0129 | F4: 0.7628 +/- 0.0105 | G4: 0.7631 +/- 0.0101 | H4: 0.7733 +/- 0.0179 | I4: =A4 -> CM1→PC1 | J4: =IFERROR(__xludf.DUMMYFUNCTION("TEXT(VALUE(REGEXEXTRACT(B4,""^[+-]?[0-9]*\.?[0-9]+""))*100,""0.00"")&"" +/- ""&TEXT(VALUE(REGEXEXTRACT(B4,""[0-9]*\.?[0-9]+$""))*100,""0.00"")"),"73.77 +/- 0.74") -> 73.77 +/- 0.74 | K4: =IFERROR(__xludf.DUMMYFUNCTION("TEXT(VALUE(REGEXEXTRACT(C4,""^[+-]?[0-9]*\.?[0-9]+""))*100,""0.00"")&"" +/- ""&TEXT(VALUE(REGEXEXTRACT(C4,""[0-9]*\.?[0-9]+$""))*100,""0.00"")"),"80.17 +/- 0.78") -> 80.17 +/- 0.78 | L4: =IFERROR(__xludf.DUMMYFUNCTION("TEXT(VALUE(REGEXEXTRACT(D4,""^[+-]?[0-9]*\.?[0-9]+""))*100,""0.00"")&"" +/- ""&TEXT(VALUE(REGEXEXTRACT(D4,""[0-9]*\.?[0-9]+$""))*100,""0.00"")"),"79.24 +/- 1.11") -> 79.24 +/- 1.11 | M4: =IFERROR(__xludf.DUMMYFUNCTION("TEXT(VALUE(REGEXEXTRACT(E4,""^[+-]?[0-9]*\.?[0-9]+""))*100,""0.00"")&"" +/- ""&TEXT(VALUE(REGEXEXTRACT(E4,""[0-9]*\.?[0-9]+$""))*100,""0.00"")"),"76.57 +/- 1.29") -> 76.57 +/- 1.29 | N4: =IFERROR(__xludf.DUMMYFUNCTION("TEXT(VALUE(REGEXEXTRACT(F4,""^[+-]?[0-9]*\.?[0-9]+""))*100,""0.00"")&"" +/- ""&TEXT(VALUE(REGEXEXTRACT(F4,""[0-9]*\.?[0-9]+$""))*100,""0.00"")"),"76.28 +/- 1.05") -> 76.28 +/- 1.05 | O4: =IFERROR(__xludf.DUMMYFUNCTION("TEXT(VALUE(REGEXEXTRACT(G4,""^[+-]?[0-9]*\.?[0-9]+""))*100,""0.00"")&"" +/- ""&TEXT(VALUE(REGEXEXTRACT(G4,""[0-9]*\.?[0-9]+$""))*100,""0.00"")"),"76.31 +/- 1.01") -> 76.31 +/- 1.01 | P4: =IFERROR(__xludf.DUMMYFUNCTION("TEXT(VALUE(REGEXEXTRACT(H4,""^[+-]?[0-9]*\.?[0-9]+""))*100,""0.00"")&"" +/- ""&TEXT(VALUE(REGEXEXTRACT(H4,""[0-9]*\.?[0-9]+$""))*100,""0.00"")"),"77.33 +/- 1.79") -> 77.33 +/- 1.79
A5: CM1→PC3 | B5: 0.7754 +/- 0.0069 | C5: 0.7576 +/- 0.0070 | D5: 0.7463 +/- 0.0080 | E5: 0.7498 +/- 0.0099 | F5: 0.7342 +/- 0.0092 | G5: 0.7437 +/- 0.0136 | H5: 0.7307 +/- 0.0123 | I5: =A5 -> CM1→PC3 | J5: =IFERROR(__xludf.DUMMYFUNCTION("TEXT(VALUE(REGEXEXTRACT(B5,""^[+-]?[0-9]*\.?[0-9]+""))*100,""0.00"")&"" +/- ""&TEXT(VALUE(REGEXEXTRACT(B5,""[0-9]*\.?[0-9]+$""))*100,""0.00"")"),"77.54 +/- 0.69") -> 77.54 +/- 0.69 | K5: =IFERROR(__xludf.DUMMYFUNCTION("TEXT(VALUE(REGEXEXTRACT(C5,""^[+-]?[0-9]*\.?[0-9]+""))*100,""0.00"")&"" +/- ""&TEXT(VALUE(REGEXEXTRACT(C5,""[0-9]*\.?[0-9]+$""))*100,""0.00"")"),"75.76 +/- 0.70") -> 75.76 +/- 0.70 | L5: =IFERROR(__xludf.DUMMYFUNCTION("TEXT(VALUE(REGEXEXTRACT(D5,""^[+-]?[0-9]*\.?[0-9]+""))*100,""0.00"")&"" +/- ""&TEXT(VALUE(REGEXEXTRACT(D5,""[0-9]*\.?[0-9]+$""))*100,""0.00"")"),"74.63 +/- 0.80") -> 74.63 +/- 0.80 | M5: =IFERROR(__xludf.DUMMYFUNCTION("TEXT(VALUE(REGEXEXTRACT(E5,""^[+-]?[0-9]*\.?[0-9]+""))*100,""0.00"")&"" +/- ""&TEXT(VALUE(REGEXEXTRACT(E5,""[0-9]*\.?[0-9]+$""))*100,""0.00"")"),"74.98 +/- 0.99") -> 74.98 +/- 0.99 | N5: =IFERROR(__xludf.DUMMYFUNCTION("TEXT(VALUE(REGEXEXTRACT(F5,""^[+-]?[0-9]*\.?[0-9]+""))*100,""0.00"")&"" +/- ""&TEXT(VALUE(REGEXEXTRACT(F5,""[0-9]*\.?[0-9]+$""))*100,""0.00"")"),"73.42 +/- 0.92") -> 73.42 +/- 0.92 | O5: =IFERROR(__xludf.DUMMYFUNCTION("TEXT(VALUE(REGEXEXTRACT(G5,""^[+-]?[0-9]*\.?[0-9]+""))*100,""0.00"")&"" +/- ""&TEXT(VALUE(REGEXEXTRACT(G5,""[0-9]*\.?[0-9]+$""))*100,""0.00"")"),"74.37 +/- 1.36") -> 74.37 +/- 1.36 | P5: =IFERROR(__xludf.DUMMYFUNCTION("TEXT(VALUE(REGEXEXTRACT(H5,""^[+-]?[0-9]*\.?[0-9]+""))*100,""0.00"")&"" +/- ""&TEXT(VALUE(REGEXEXTRACT(H5,""[0-9]*\.?[0-9]+$""))*100,""0.00"")"),"73.07 +/- 1.23") -> 73.07 +/- 1.23
A6: CM1→PC4 | B6: 0.6771 +/- 0.0115 | C6: 0.6684 +/- 0.0126 | D6: 0.6027 +/- 0.0186 | E6: 0.6411 +/- 0.0187 | F6: 0.6788 +/- 0.0124 | G6: 0.6819 +/- 0.0134 | H6: 0.5866 +/- 0.0220 | I6: =A6 -> CM1→PC4 | J6: =IFERROR(__xludf.DUMMYFUNCTION("TEXT(VALUE(REGEXEXTRACT(B6,""^[+-]?[0-9]*\.?[0-9]+""))*100,""0.00"")&"" +/- ""&TEXT(VALUE(REGEXEXTRACT(B6,""[0-9]*\.?[0-9]+$""))*100,""0.00"")"),"67.71 +/- 1.15") -> 67.71 +/- 1.15 | K6: =IFERROR(__xludf.DUMMYFUNCTION("TEXT(VALUE(REGEXEXTRACT(C6,""^[+-]?[0-9]*\.?[0-9]+""))*100,""0.00"")&"" +/- ""&TEXT(VALUE(REGEXEXTRACT(C6,""[0-9]*\.?[0-9]+$""))*100,""0.00"")"),"66.84 +/- 1.26") -> 66.84 +/- 1.26 | L6: =IFERROR(__xludf.DUMMYFUNCTION("TEXT(VALUE(REGEXEXTRACT(D6,""^[+-]?[0-9]*\.?[0-9]+""))*100,""0.00"")&"" +/- ""&TEXT(VALUE(REGEXEXTRACT(D6,""[0-9]*\.?[0-9]+$""))*100,""0.00"")"),"60.27 +/- 1.86") -> 60.27 +/- 1.86 | M6: =IFERROR(__xludf.DUMMYFUNCTION("TEXT(VALUE(REGEXEXTRACT(E6,""^[+-]?[0-9]*\.?[0-9]+""))*100,""0.00"")&"" +/- ""&TEXT(VALUE(REGEXEXTRACT(E6,""[0-9]*\.?[0-9]+$""))*100,""0.00"")"),"64.11 +/- 1.87") -> 64.11 +/- 1.87 | N6: =IFERROR(__xludf.DUMMYFUNCTION("TEXT(VALUE(REGEXEXTRACT(F6,""^[+-]?[0-9]*\.?[0-9]+""))*100,""0.00"")&"" +/- ""&TEXT(VALUE(REGEXEXTRACT(F6,""[0-9]*\.?[0-9]+$""))*100,""0.00"")"),"67.88 +/- 1.24") -> 67.88 +/- 1.24 | O6: =IFERROR(__xludf.DUMMYFUNCTION("TEXT(VALUE(REGEXEXTRACT(G6,""^[+-]?[0-9]*\.?[0-9]+""))*100,""0.00"")&"" +/- ""&TEXT(VALUE(REGEXEXTRACT(G6,""[0-9]*\.?[0-9]+$""))*100,""0.00"")"),"68.19 +/- 1.34") -> 68.19 +/- 1.34 | P6: =IFERROR(__xludf.DUMMYFUNCTION("TEXT(VALUE(REGEXEXTRACT(H6,""^[+-]?[0-9]*\.?[0-9]+""))*100,""0.00"")&"" +/- ""&TEXT(VALUE(REGEXEXTRACT(H6,""[0-9]*\.?[0-9]+$""))*100,""0.00"")"),"58.66 +/- 2.20") -> 58.66 +/- 2.20
A7: MW1→CM1 | B7: 0.6980 +/- 0.0185 | C7: 0.6556 +/- 0.0152 | D7: 0.5461 +/- 0.0181 | E7: 0.6945 +/- 0.0172 | F7: 0.6809 +/- 0.0155 | G7: 0.6997 +/- 0.0196 | H7: 0.6879 +/- 0.0098 | I7: =A7 -> MW1→CM1 | J7: =IFERROR(__xludf.DUMMYFUNCTION("TEXT(VALUE(REGEXEXTRACT(B7,""^[+-]?[0-9]*\.?[0-9]+""))*100,""0.00"")&"" +/- ""&TEXT(VALUE(REGEXEXTRACT(B7,""[0-9]*\.?[0-9]+$""))*100,""0.00"")"),"69.80 +/- 1.85") -> 69.80 +/- 1.85 | K7: =IFERROR(__xludf.DUMMYFUNCTION("TEXT(VALUE(REGEXEXTRACT(C7,""^[+-]?[0-9]*\.?[0-9]+""))*100,""0.00"")&"" +/- ""&TEXT(VALUE(REGEXEXTRACT(C7,""[0-9]*\.?[0-9]+$""))*100,""0.00"")"),"65.56 +/- 1.52") -> 65.56 +/- 1.52 | L7: =IFERROR(__xludf.DUMMYFUNCTION("TEXT(VALUE(REGEXEXTRACT(D7,""^[+-]?[0-9]*\.?[0-9]+""))*100,""0.00"")&"" +/- ""&TEXT(VALUE(REGEXEXTRACT(D7,""[0-9]*\.?[0-9]+$""))*100,""0.00"")"),"54.61 +/- 1.81") -> 54.61 +/- 1.81 | M7: =IFERROR(__xludf.DUMMYFUNCTION("TEXT(VALUE(REGEXEXTRACT(E7,""^[+-]?[0-9]*\.?[0-9]+""))*100,""0.00"")&"" +/- ""&TEXT(VALUE(REGEXEXTRACT(E7,""[0-9]*\.?[0-9]+$""))*100,""0.00"")"),"69.45 +/- 1.72") -> 69.45 +/- 1.72 | N7: =IFERROR(__xludf.DUMMYFUNCTION("TEXT(VALUE(REGEXEXTRACT(F7,""^[+-]?[0-9]*\.?[0-9]+""))*100,""0.00"")&"" +/- ""&TEXT(VALUE(REGEXEXTRACT(F7,""[0-9]*\.?[0-9]+$""))*100,""0.00"")"),"68.09 +/- 1.55") -> 68.09 +/- 1.55 | O7: =IFERROR(__xludf.DUMMYFUNCTION("TEXT(VALUE(REGEXEXTRACT(G7,""^[+-]?[0-9]*\.?[0-9]+""))*100,""0.00"")&"" +/- ""&TEXT(VALUE(REGEXEXTRACT(G7,""[0-9]*\.?[0-9]+$""))*100,""0.00"")"),"69.97 +/- 1.96") -> 69.97 +/- 1.96 | P7: =IFERROR(__xludf.DUMMYFUNCTION("TEXT(VALUE(REGEXEXTRACT(H7,""^[+-]?[0-9]*\.?[0-9]+""))*100,""0.00"")&"" +/- ""&TEXT(VALUE(REGEXEXTRACT(H7,""[0-9]*\.?[0-9]+$""))*100,""0.00"")"),"68.79 +/- 0.98") -> 68.79 +/- 0.98
A8: MW1→PC1 | B8: 0.7550 +/- 0.0207 | C8: 0.7642 +/- 0.0220 | D8: 0.7033 +/- 0.0211 | E8: 0.7510 +/- 0.0253 | F8: 0.6985 +/- 0.0312 | G8: 0.7223 +/- 0.0305 | H8: 0.7450 +/- 0.0144 | I8: =A8 -> MW1→PC1 | J8: =IFERROR(__xludf.DUMMYFUNCTION("TEXT(VALUE(REGEXEXTRACT(B8,""^[+-]?[0-9]*\.?[0-9]+""))*100,""0.00"")&"" +/- ""&TEXT(VALUE(REGEXEXTRACT(B8,""[0-9]*\.?[0-9]+$""))*100,""0.00"")"),"75.50 +/- 2.07") -> 75.50 +/- 2.07 | K8: =IFERROR(__xludf.DUMMYFUNCTION("TEXT(VALUE(REGEXEXTRACT(C8,""^[+-]?[0-9]*\.?[0-9]+""))*100,""0.00"")&"" +/- ""&TEXT(VALUE(REGEXEXTRACT(C8,""[0-9]*\.?[0-9]+$""))*100,""0.00"")"),"76.42 +/- 2.20") -> 76.42 +/- 2.20 | L8: =IFERROR(__xludf.DUMMYFUNCTION("TEXT(VALUE(REGEXEXTRACT(D8,""^[+-]?[0-9]*\.?[0-9]+""))*100,""0.00"")&"" +/- ""&TEXT(VALUE(REGEXEXTRACT(D8,""[0-9]*\.?[0-9]+$""))*100,""0.00"")"),"70.33 +/- 2.11") -> 70.33 +/- 2.11 | M8: =IFERROR(__xludf.DUMMYFUNCTION("TEXT(VALUE(REGEXEXTRACT(E8,""^[+-]?[0-9]*\.?[0-9]+""))*100,""0.00"")&"" +/- ""&TEXT(VALUE(REGEXEXTRACT(E8,""[0-9]*\.?[0-9]+$""))*100,""0.00"")"),"75.10 +/- 2.53") -> 75.10 +/- 2.53 | N8: =IFERROR(__xludf.DUMMYFUNCTION("TEXT(VALUE(REGEXEXTRACT(F8,""^[+-]?[0-9]*\.?[0-9]+""))*100,""0.00"")&"" +/- ""&TEXT(VALUE(REGEXEXTRACT(F8,""[0-9]*\.?[0-9]+$""))*100,""0.00"")"),"69.85 +/- 3.12") -> 69.85 +/- 3.12 | O8: =IFERROR(__xludf.DUMMYFUNCTION("TEXT(VALUE(REGEXEXTRACT(G8,""^[+-]?[0-9]*\.?[0-9]+""))*100,""0.00"")&"" +/- ""&TEXT(VALUE(REGEXEXTRACT(G8,""[0-9]*\.?[0-9]+$""))*100,""0.00"")"),"72.23 +/- 3.05") -> 72.23 +/- 3.05 | P8: =IFERROR(__xludf.DUMMYFUNCTION("TEXT(VALUE(REGEXEXTRACT(H8,""^[+-]?[0-9]*\.?[0-9]+""))*100,""0.00"")&"" +/- ""&TEXT(VALUE(REGEXEXTRACT(H8,""[0-9]*\.?[0-9]+$""))*100,""0.00"")"),"74.50 +/- 1.44") -> 74.50 +/- 1.44
A9: MW1→PC3 | B9: 0.7490 +/- 0.0245 | C9: 0.6535 +/- 0.0217 | D9: 0.6366 +/- 0.0266 | E9: 0.5836 +/- 0.0341 | F9: 0.5275 +/- 0.0186 | G9: 0.5280 +/- 0.0271 | H9: 0.6756 +/- 0.0242 | I9: =A9 -> MW1→PC3 | J9: =IFERROR(__xludf.DUMMYFUNCTION("TEXT(VALUE(REGEXEXTRACT(B9,""^[+-]?[0-9]*\.?[0-9]+""))*100,""0.00"")&"" +/- ""&TEXT(VALUE(REGEXEXTRACT(B9,""[0-9]*\.?[0-9]+$""))*100,""0.00"")"),"74.90 +/- 2.45") -> 74.90 +/- 2.45 | K9: =IFERROR(__xludf.DUMMYFUNCTION("TEXT(VALUE(REGEXEXTRACT(C9,""^[+-]?[0-9]*\.?[0-9]+""))*100,""0.00"")&"" +/- ""&TEXT(VALUE(REGEXEXTRACT(C9,""[0-9]*\.?[0-9]+$""))*100,""0.00"")"),"65.35 +/- 2.17") -> 65.35 +/- 2.17 | L9: =IFERROR(__xludf.DUMMYFUNCTION("TEXT(VALUE(REGEXEXTRACT(D9,""^[+-]?[0-9]*\.?[0-9]+""))*100,""0.00"")&"" +/- ""&TEXT(VALUE(REGEXEXTRACT(D9,""[0-9]*\.?[0-9]+$""))*100,""0.00"")"),"63.66 +/- 2.66") -> 63.66 +/- 2.66 | M9: =IFERROR(__xludf.DUMMYFUNCTION("TEXT(VALUE(REGEXEXTRACT(E9,""^[+-]?[0-9]*\.?[0-9]+""))*100,""0.00"")&"" +/- ""&TEXT(VALUE(REGEXEXTRACT(E9,""[0-9]*\.?[0-9]+$""))*100,""0.00"")"),"58.36 +/- 3.41") -> 58.36 +/- 3.41 | N9: =IFERROR(__xludf.DUMMYFUNCTION("TEXT(VALUE(REGEXEXTRACT(F9,""^[+-]?[0-9]*\.?[0-9]+""))*100,""0.00"")&"" +/- ""&TEXT(VALUE(REGEXEXTRACT(F9,""[0-9]*\.?[0-9]+$""))*100,""0.00"")"),"52.75 +/- 1.86") -> 52.75 +/- 1.86 | O9: =IFERROR(__xludf.DUMMYFUNCTION("TEXT(VALUE(REGEXEXTRACT(G9,""^[+-]?[0-9]*\.?[0-9]+""))*100,""0.00"")&"" +/- ""&TEXT(VALUE(REGEXEXTRACT(G9,""[0-9]*\.?[0-9]+$""))*100,""0.00"")"),"52.80 +/- 2.71") -> 52.80 +/- 2.71 | P9: =IFERROR(__xludf.DUMMYFUNCTION("TEXT(VALUE(REGEXEXTRACT(H9,""^[+-]?[0-9]*\.?[0-9]+""))*100,""0.00"")&"" +/- ""&TEXT(VALUE(REGEXEXTRACT(H9,""[0-9]*\.?[0-9]+$""))*100,""0.00"")"),"67.56 +/- 2.42") -> 67.56 +/- 2.42
A10: MW1→PC4 | B10: 0.6790 +/- 0.0180 | C10: 0.5528 +/- 0.0445 | D10: 0.6341 +/- 0.0128 | E10: 0.6183 +/- 0.0391 | F10: 0.5782 +/- 0.0280 | G10: 0.5782 +/- 0.0403 | H10: 0.5629 +/- 0.0256 | I10: =A10 -> MW1→PC4 | J10: =IFERROR(__xludf.DUMMYFUNCTION("TEXT(VALUE(REGEXEXTRACT(B10,""^[+-]?[0-9]*\.?[0-9]+""))*100,""0.00"")&"" +/- ""&TEXT(VALUE(REGEXEXTRACT(B10,""[0-9]*\.?[0-9]+$""))*100,""0.00"")"),"67.90 +/- 1.80") -> 67.90 +/- 1.80 | K10: =IFERROR(__xludf.DUMMYFUNCTION("TEXT(VALUE(REGEXEXTRACT(C10,""^[+-]?[0-9]*\.?[0-9]+""))*100,""0.00"")&"" +/- ""&TEXT(VALUE(REGEXEXTRACT(C10,""[0-9]*\.?[0-9]+$""))*100,""0.00"")"),"55.28 +/- 4.45") -> 55.28 +/- 4.45 | L10: =IFERROR(__xludf.DUMMYFUNCTION("TEXT(VALUE(REGEXEXTRACT(D10,""^[+-]?[0-9]*\.?[0-9]+""))*100,""0.00"")&"" +/- ""&TEXT(VALUE(REGEXEXTRACT(D10,""[0-9]*\.?[0-9]+$""))*100,""0.00"")"),"63.41 +/- 1.28") -> 63.41 +/- 1.28 | M10: =IFERROR(__xludf.DUMMYFUNCTION("TEXT(VALUE(REGEXEXTRACT(E10,""^[+-]?[0-9]*\.?[0-9]+""))*100,""0.00"")&"" +/- ""&TEXT(VALUE(REGEXEXTRACT(E10,""[0-9]*\.?[0-9]+$""))*100,""0.00"")"),"61.83 +/- 3.91") -> 61.83 +/- 3.91 | N10: =IFERROR(__xludf.DUMMYFUNCTION("TEXT(VALUE(REGEXEXTRACT(F10,""^[+-]?[0-9]*\.?[0-9]+""))*100,""0.00"")&"" +/- ""&TEXT(VALUE(REGEXEXTRACT(F10,""[0-9]*\.?[0-9]+$""))*100,""0.00"")"),"57.82 +/- 2.80") -> 57.82 +/- 2.80 | O10: =IFERROR(__xludf.DUMMYFUNCTION("TEXT(VALUE(REGEXEXTRACT(G10,""^[+-]?[0-9]*\.?[0-9]+""))*100,""0.00"")&"" +/- ""&TEXT(VALUE(REGEXEXTRACT(G10,""[0-9]*\.?[0-9]+$""))*100,""0.00"")"),"57.82 +/- 4.03") -> 57.82 +/- 4.03 | P10: =IFERROR(__xludf.DUMMYFUNCTION("TEXT(VALUE(REGEXEXTRACT(H10,""^[+-]?[0-9]*\.?[0-9]+""))*100,""0.00"")&"" +/- ""&TEXT(VALUE(REGEXEXTRACT(H10,""[0-9]*\.?[0-9]+$""))*100,""0.00"")"),"56.29 +/- 2.56") -> 56.29 +/- 2.56
A11: PC1→CM1 | B11: 0.6814 +/- 0.0128 | C11: 0.6530 +/- 0.0127 | D11: 0.6670 +/- 0.0160 | E11: 0.6911 +/- 0.0146 | F11: 0.6942 +/- 0.0113 | G11: 0.6997 +/- 0.0103 | H11: 0.4643 +/- 0.0157 | I11: =A11 -> PC1→CM1 | J11: =IFERROR(__xludf.DUMMYFUNCTION("TEXT(VALUE(REGEXEXTRACT(B11,""^[+-]?[0-9]*\.?[0-9]+""))*100,""0.00"")&"" +/- ""&TEXT(VALUE(REGEXEXTRACT(B11,""[0-9]*\.?[0-9]+$""))*100,""0.00"")"),"68.14 +/- 1.28") -> 68.14 +/- 1.28 | K11: =IFERROR(__xludf.DUMMYFUNCTION("TEXT(VALUE(REGEXEXTRACT(C11,""^[+-]?[0-9]*\.?[0-9]+""))*100,""0.00"")&"" +/- ""&TEXT(VALUE(REGEXEXTRACT(C11,""[0-9]*\.?[0-9]+$""))*100,""0.00"")"),"65.30 +/- 1.27") -> 65.30 +/- 1.27 | L11: =IFERROR(__xludf.DUMMYFUNCTION("TEXT(VALUE(REGEXEXTRACT(D11,""^[+-]?[0-9]*\.?[0-9]+""))*100,""0.00"")&"" +/- ""&TEXT(VALUE(REGEXEXTRACT(D11,""[0-9]*\.?[0-9]+$""))*100,""0.00"")"),"66.70 +/- 1.60") -> 66.70 +/- 1.60 | M11: =IFERROR(__xludf.DUMMYFUNCTION("TEXT(VALUE(REGEXEXTRACT(E11,""^[+-]?[0-9]*\.?[0-9]+""))*100,""0.00"")&"" +/- ""&TEXT(VALUE(REGEXEXTRACT(E11,""[0-9]*\.?[0-9]+$""))*100,""0.00"")"),"69.11 +/- 1.46") -> 69.11 +/- 1.46 | N11: =IFERROR(__xludf.DUMMYFUNCTION("TEXT(VALUE(REGEXEXTRACT(F11,""^[+-]?[0-9]*\.?[0-9]+""))*100,""0.00"")&"" +/- ""&TEXT(VALUE(REGEXEXTRACT(F11,""[0-9]*\.?[0-9]+$""))*100,""0.00"")"),"69.42 +/- 1.13") -> 69.42 +/- 1.13 | O11: =IFERROR(__xludf.DUMMYFUNCTION("TEXT(VALUE(REGEXEXTRACT(G11,""^[+-]?[0-9]*\.?[0-9]+""))*100,""0.00"")&"" +/- ""&TEXT(VALUE(REGEXEXTRACT(G11,""[0-9]*\.?[0-9]+$""))*100,""0.00"")"),"69.97 +/- 1.03") -> 69.97 +/- 1.03 | P11: =IFERROR(__xludf.DUMMYFUNCTION("TEXT(VALUE(REGEXEXTRACT(H11,""^[+-]?[0-9]*\.?[0-9]+""))*100,""0.00"")&"" +/- ""&TEXT(VALUE(REGEXEXTRACT(H11,""[0-9]*\.?[0-9]+$""))*100,""0.00"")"),"46.43 +/- 1.57") -> 46.43 +/- 1.57
A12: PC1→MW1 | B12: 0.7748 +/- 0.0098 | C12: 0.6795 +/- 0.0201 | D12: 0.6402 +/- 0.0278 | E12: 0.8043 +/- 0.0144 | F12: 0.7965 +/- 0.0107 | G12: 0.7954 +/- 0.0079 | H12: 0.5898 +/- 0.0212 | I12: =A12 -> PC1→MW1 | J12: =IFERROR(__xludf.DUMMYFUNCTION("TEXT(VALUE(REGEXEXTRACT(B12,""^[+-]?[0-9]*\.?[0-9]+""))*100,""0.00"")&"" +/- ""&TEXT(VALUE(REGEXEXTRACT(B12,""[0-9]*\.?[0-9]+$""))*100,""0.00"")"),"77.48 +/- 0.98") -> 77.48 +/- 0.98 | K12: =IFERROR(__xludf.DUMMYFUNCTION("TEXT(VALUE(REGEXEXTRACT(C12,""^[+-]?[0-9]*\.?[0-9]+""))*100,""0.00"")&"" +/- ""&TEXT(VALUE(REGEXEXTRACT(C12,""[0-9]*\.?[0-9]+$""))*100,""0.00"")"),"67.95 +/- 2.01") -> 67.95 +/- 2.01 | L12: =IFERROR(__xludf.DUMMYFUNCTION("TEXT(VALUE(REGEXEXTRACT(D12,""^[+-]?[0-9]*\.?[0-9]+""))*100,""0.00"")&"" +/- ""&TEXT(VALUE(REGEXEXTRACT(D12,""[0-9]*\.?[0-9]+$""))*100,""0.00"")"),"64.02 +/- 2.78") -> 64.02 +/- 2.78 | M12: =IFERROR(__xludf.DUMMYFUNCTION("TEXT(VALUE(REGEXEXTRACT(E12,""^[+-]?[0-9]*\.?[0-9]+""))*100,""0.00"")&"" +/- ""&TEXT(VALUE(REGEXEXTRACT(E12,""[0-9]*\.?[0-9]+$""))*100,""0.00"")"),"80.43 +/- 1.44") -> 80.43 +/- 1.44 | N12: =IFERROR(__xludf.DUMMYFUNCTION("TEXT(VALUE(REGEXEXTRACT(F12,""^[+-]?[0-9]*\.?[0-9]+""))*100,""0.00"")&"" +/- ""&TEXT(VALUE(REGEXEXTRACT(F12,""[0-9]*\.?[0-9]+$""))*100,""0.00"")"),"79.65 +/- 1.07") -> 79.65 +/- 1.07 | O12: =IFERROR(__xludf.DUMMYFUNCTION("TEXT(VALUE(REGEXEXTRACT(G12,""^[+-]?[0-9]*\.?[0-9]+""))*100,""0.00"")&"" +/- ""&TEXT(VALUE(REGEXEXTRACT(G12,""[0-9]*\.?[0-9]+$""))*100,""0.00"")"),"79.54 +/- 0.79") -> 79.54 +/- 0.79 | P12: =IFERROR(__xludf.DUMMYFUNCTION("TEXT(VALUE(REGEXEXTRACT(H12,""^[+-]?[0-9]*\.?[0-9]+""))*100,""0.00"")&"" +/- ""&TEXT(VALUE(REGEXEXTRACT(H12,""[0-9]*\.?[0-9]+$""))*100,""0.00"")"),"58.98 +/- 2.12") -> 58.98 +/- 2.12
A13: PC1→PC3 | B13: 0.8083 +/- 0.0053 | C13: 0.7310 +/- 0.0160 | D13: 0.7504 +/- 0.0090 | E13: 0.8069 +/- 0.0067 | F13: 0.8130 +/- 0.0045 | G13: 0.8130 +/- 0.0044 | H13: 0.6929 +/- 0.0294 | I13: =A13 -> PC1→PC3 | J13: =IFERROR(__xludf.DUMMYFUNCTION("TEXT(VALUE(REGEXEXTRACT(B13,""^[+-]?[0-9]*\.?[0-9]+""))*100,""0.00"")&"" +/- ""&TEXT(VALUE(REGEXEXTRACT(B13,""[0-9]*\.?[0-9]+$""))*100,""0.00"")"),"80.83 +/- 0.53") -> 80.83 +/- 0.53 | K13: =IFERROR(__xludf.DUMMYFUNCTION("TEXT(VALUE(REGEXEXTRACT(C13,""^[+-]?[0-9]*\.?[0-9]+""))*100,""0.00"")&"" +/- ""&TEXT(VALUE(REGEXEXTRACT(C13,""[0-9]*\.?[0-9]+$""))*100,""0.00"")"),"73.10 +/- 1.60") -> 73.10 +/- 1.60 | L13: =IFERROR(__xludf.DUMMYFUNCTION("TEXT(VALUE(REGEXEXTRACT(D13,""^[+-]?[0-9]*\.?[0-9]+""))*100,""0.00"")&"" +/- ""&TEXT(VALUE(REGEXEXTRACT(D13,""[0-9]*\.?[0-9]+$""))*100,""0.00"")"),"75.04 +/- 0.90") -> 75.04 +/- 0.90 | M13: =IFERROR(__xludf.DUMMYFUNCTION("TEXT(VALUE(REGEXEXTRACT(E13,""^[+-]?[0-9]*\.?[0-9]+""))*100,""0.00"")&"" +/- ""&TEXT(VALUE(REGEXEXTRACT(E13,""[0-9]*\.?[0-9]+$""))*100,""0.00"")"),"80.69 +/- 0.67") -> 80.69 +/- 0.67 | N13: =IFERROR(__xludf.DUMMYFUNCTION("TEXT(VALUE(REGEXEXTRACT(F13,""^[+-]?[0-9]*\.?[0-9]+""))*100,""0.00"")&"" +/- ""&TEXT(VALUE(REGEXEXTRACT(F13,""[0-9]*\.?[0-9]+$""))*100,""0.00"")"),"81.30 +/- 0.45") -> 81.30 +/- 0.45 | O13: =IFERROR(__xludf.DUMMYFUNCTION("TEXT(VALUE(REGEXEXTRACT(G13,""^[+-]?[0-9]*\.?[0-9]+""))*100,""0.00"")&"" +/- ""&TEXT(VALUE(REGEXEXTRACT(G13,""[0-9]*\.?[0-9]+$""))*100,""0.00"")"),"81.30 +/- 0.44") -> 81.30 +/- 0.44 | P13: =IFERROR(__xludf.DUMMYFUNCTION("TEXT(VALUE(REGEXEXTRACT(H13,""^[+-]?[0-9]*\.?[0-9]+""))*100,""0.00"")&"" +/- ""&TEXT(VALUE(REGEXEXTRACT(H13,""[0-9]*\.?[0-9]+$""))*100,""0.00"")"),"69.29 +/- 2.94") -> 69.29 +/- 2.94
A14: PC1→PC4 | B14: 0.7304 +/- 0.0098 | C14: 0.7199 +/- 0.0179 | D14: 0.6489 +/- 0.0134 | E14: 0.7453 +/- 0.0123 | F14: 0.7688 +/- 0.0089 | G14: 0.7655 +/- 0.0063 | H14: 0.5144 +/- 0.0230 | I14: =A14 -> PC1→PC4 | J14: =IFERROR(__xludf.DUMMYFUNCTION("TEXT(VALUE(REGEXEXTRACT(B14,""^[+-]?[0-9]*\.?[0-9]+""))*100,""0.00"")&"" +/- ""&TEXT(VALUE(REGEXEXTRACT(B14,""[0-9]*\.?[0-9]+$""))*100,""0.00"")"),"73.04 +/- 0.98") -> 73.04 +/- 0.98 | K14: =IFERROR(__xludf.DUMMYFUNCTION("TEXT(VALUE(REGEXEXTRACT(C14,""^[+-]?[0-9]*\.?[0-9]+""))*100,""0.00"")&"" +/- ""&TEXT(VALUE(REGEXEXTRACT(C14,""[0-9]*\.?[0-9]+$""))*100,""0.00"")"),"71.99 +/- 1.79") -> 71.99 +/- 1.79 | L14: =IFERROR(__xludf.DUMMYFUNCTION("TEXT(VALUE(REGEXEXTRACT(D14,""^[+-]?[0-9]*\.?[0-9]+""))*100,""0.00"")&"" +/- ""&TEXT(VALUE(REGEXEXTRACT(D14,""[0-9]*\.?[0-9]+$""))*100,""0.00"")"),"64.89 +/- 1.34") -> 64.89 +/- 1.34 | M14: =IFERROR(__xludf.DUMMYFUNCTION("TEXT(VALUE(REGEXEXTRACT(E14,""^[+-]?[0-9]*\.?[0-9]+""))*100,""0.00"")&"" +/- ""&TEXT(VALUE(REGEXEXTRACT(E14,""[0-9]*\.?[0-9]+$""))*100,""0.00"")"),"74.53 +/- 1.23") -> 74.53 +/- 1.23 | N14: =IFERROR(__xludf.DUMMYFUNCTION("TEXT(VALUE(REGEXEXTRACT(F14,""^[+-]?[0-9]*\.?[0-9]+""))*100,""0.00"")&"" +/- ""&TEXT(VALUE(REGEXEXTRACT(F14,""[0-9]*\.?[0-9]+$""))*100,""0.00"")"),"76.88 +/- 0.89") -> 76.88 +/- 0.89 | O14: =IFERROR(__xludf.DUMMYFUNCTION("TEXT(VALUE(REGEXEXTRACT(G14,""^[+-]?[0-9]*\.?[0-9]+""))*100,""0.00"")&"" +/- ""&TEXT(VALUE(REGEXEXTRACT(G14,""[0-9]*\.?[0-9]+$""))*100,""0.00"")"),"76.55 +/- 0.63") -> 76.55 +/- 0.63 | P14: =IFERROR(__xludf.DUMMYFUNCTION("TEXT(VALUE(REGEXEXTRACT(H14,""^[+-]?[0-9]*\.?[0-9]+""))*100,""0.00"")&"" +/- ""&TEXT(VALUE(REGEXEXTRACT(H14,""[0-9]*\.?[0-9]+$""))*100,""0.00"")"),"51.44 +/- 2.30") -> 51.44 +/- 2.30
A15: PC3→CM1 | B15: 0.6499 +/- 0.0145 | C15: 0.6290 +/- 0.0134 | D15: 0.6636 +/- 0.0139 | E15: 0.6508 +/- 0.0088 | F15: 0.6776 +/- 0.0096 | G15: 0.6745 +/- 0.0103 | H15: 0.4884 +/- 0.0213 | I15: =A15 -> PC3→CM1 | J15: =IFERROR(__xludf.DUMMYFUNCTION("TEXT(VALUE(REGEXEXTRACT(B15,""^[+-]?[0-9]*\.?[0-9]+""))*100,""0.00"")&"" +/- ""&TEXT(VALUE(REGEXEXTRACT(B15,""[0-9]*\.?[0-9]+$""))*100,""0.00"")"),"64.99 +/- 1.45") -> 64.99 +/- 1.45 | K15: =IFERROR(__xludf.DUMMYFUNCTION("TEXT(VALUE(REGEXEXTRACT(C15,""^[+-]?[0-9]*\.?[0-9]+""))*100,""0.00"")&"" +/- ""&TEXT(VALUE(REGEXEXTRACT(C15,""[0-9]*\.?[0-9]+$""))*100,""0.00"")"),"62.90 +/- 1.34") -> 62.90 +/- 1.34 | L15: =IFERROR(__xludf.DUMMYFUNCTION("TEXT(VALUE(REGEXEXTRACT(D15,""^[+-]?[0-9]*\.?[0-9]+""))*100,""0.00"")&"" +/- ""&TEXT(VALUE(REGEXEXTRACT(D15,""[0-9]*\.?[0-9]+$""))*100,""0.00"")"),"66.36 +/- 1.39") -> 66.36 +/- 1.39 | M15: =IFERROR(__xludf.DUMMYFUNCTION("TEXT(VALUE(REGEXEXTRACT(E15,""^[+-]?[0-9]*\.?[0-9]+""))*100,""0.00"")&"" +/- ""&TEXT(VALUE(REGEXEXTRACT(E15,""[0-9]*\.?[0-9]+$""))*100,""0.00"")"),"65.08 +/- 0.88") -> 65.08 +/- 0.88 | N15: =IFERROR(__xludf.DUMMYFUNCTION("TEXT(VALUE(REGEXEXTRACT(F15,""^[+-]?[0-9]*\.?[0-9]+""))*100,""0.00"")&"" +/- ""&TEXT(VALUE(REGEXEXTRACT(F15,""[0-9]*\.?[0-9]+$""))*100,""0.00"")"),"67.76 +/- 0.96") -> 67.76 +/- 0.96 | O15: =IFERROR(__xludf.DUMMYFUNCTION("TEXT(VALUE(REGEXEXTRACT(G15,""^[+-]?[0-9]*\.?[0-9]+""))*100,""0.00"")&"" +/- ""&TEXT(VALUE(REGEXEXTRACT(G15,""[0-9]*\.?[0-9]+$""))*100,""0.00"")"),"67.45 +/- 1.03") -> 67.45 +/- 1.03 | P15: =IFERROR(__xludf.DUMMYFUNCTION("TEXT(VALUE(REGEXEXTRACT(H15,""^[+-]?[0-9]*\.?[0-9]+""))*100,""0.00"")&"" +/- ""&TEXT(VALUE(REGEXEXTRACT(H15,""[0-9]*\.?[0-9]+$""))*100,""0.00"")"),"48.84 +/- 2.13") -> 48.84 +/- 2.13
A16: PC3→MW1 | B16: 0.7031 +/- 0.0096 | C16: 0.6075 +/- 0.0260 | D16: 0.7329 +/- 0.0210 | E16: 0.7162 +/- 0.0126 | F16: 0.7188 +/- 0.0098 | G16: 0.7217 +/- 0.0116 | H16: 0.4153 +/- 0.0202 | I16: =A16 -> PC3→MW1 | J16: =IFERROR(__xludf.DUMMYFUNCTION("TEXT(VALUE(REGEXEXTRACT(B16,""^[+-]?[0-9]*\.?[0-9]+""))*100,""0.00"")&"" +/- ""&TEXT(VALUE(REGEXEXTRACT(B16,""[0-9]*\.?[0-9]+$""))*100,""0.00"")"),"70.31 +/- 0.96") -> 70.31 +/- 0.96 | K16: =IFERROR(__xludf.DUMMYFUNCTION("TEXT(VALUE(REGEXEXTRACT(C16,""^[+-]?[0-9]*\.?[0-9]+""))*100,""0.00"")&"" +/- ""&TEXT(VALUE(REGEXEXTRACT(C16,""[0-9]*\.?[0-9]+$""))*100,""0.00"")"),"60.75 +/- 2.60") -> 60.75 +/- 2.60 | L16: =IFERROR(__xludf.DUMMYFUNCTION("TEXT(VALUE(REGEXEXTRACT(D16,""^[+-]?[0-9]*\.?[0-9]+""))*100,""0.00"")&"" +/- ""&TEXT(VALUE(REGEXEXTRACT(D16,""[0-9]*\.?[0-9]+$""))*100,""0.00"")"),"73.29 +/- 2.10") -> 73.29 +/- 2.10 | M16: =IFERROR(__xludf.DUMMYFUNCTION("TEXT(VALUE(REGEXEXTRACT(E16,""^[+-]?[0-9]*\.?[0-9]+""))*100,""0.00"")&"" +/- ""&TEXT(VALUE(REGEXEXTRACT(E16,""[0-9]*\.?[0-9]+$""))*100,""0.00"")"),"71.62 +/- 1.26") -> 71.62 +/- 1.26 | N16: =IFERROR(__xludf.DUMMYFUNCTION("TEXT(VALUE(REGEXEXTRACT(F16,""^[+-]?[0-9]*\.?[0-9]+""))*100,""0.00"")&"" +/- ""&TEXT(VALUE(REGEXEXTRACT(F16,""[0-9]*\.?[0-9]+$""))*100,""0.00"")"),"71.88 +/- 0.98") -> 71.88 +/- 0.98 | O16: =IFERROR(__xludf.DUMMYFUNCTION("TEXT(VALUE(REGEXEXTRACT(G16,""^[+-]?[0-9]*\.?[0-9]+""))*100,""0.00"")&"" +/- ""&TEXT(VALUE(REGEXEXTRACT(G16,""[0-9]*\.?[0-9]+$""))*100,""0.00"")"),"72.17 +/- 1.16") -> 72.17 +/- 1.16 | P16: =IFERROR(__xludf.DUMMYFUNCTION("TEXT(VALUE(REGEXEXTRACT(H16,""^[+-]?[0-9]*\.?[0-9]+""))*100,""0.00"")&"" +/- ""&TEXT(VALUE(REGEXEXTRACT(H16,""[0-9]*\.?[0-9]+$""))*100,""0.00"")"),"41.53 +/- 2.02") -> 41.53 +/- 2.02
A17: PC3→PC1 | B17: 0.7729 +/- 0.0111 | C17: 0.8051 +/- 0.0065 | D17: 0.7806 +/- 0.0096 | E17: 0.8026 +/- 0.0097 | F17: 0.7931 +/- 0.0048 | G17: 0.7959 +/- 0.0072 | H17: 0.7727 +/- 0.0130 | I17: =A17 -> PC3→PC1 | J17: =IFERROR(__xludf.DUMMYFUNCTION("TEXT(VALUE(REGEXEXTRACT(B17,""^[+-]?[0-9]*\.?[0-9]+""))*100,""0.00"")&"" +/- ""&TEXT(VALUE(REGEXEXTRACT(B17,""[0-9]*\.?[0-9]+$""))*100,""0.00"")"),"77.29 +/- 1.11") -> 77.29 +/- 1.11 | K17: =IFERROR(__xludf.DUMMYFUNCTION("TEXT(VALUE(REGEXEXTRACT(C17,""^[+-]?[0-9]*\.?[0-9]+""))*100,""0.00"")&"" +/- ""&TEXT(VALUE(REGEXEXTRACT(C17,""[0-9]*\.?[0-9]+$""))*100,""0.00"")"),"80.51 +/- 0.65") -> 80.51 +/- 0.65 | L17: =IFERROR(__xludf.DUMMYFUNCTION("TEXT(VALUE(REGEXEXTRACT(D17,""^[+-]?[0-9]*\.?[0-9]+""))*100,""0.00"")&"" +/- ""&TEXT(VALUE(REGEXEXTRACT(D17,""[0-9]*\.?[0-9]+$""))*100,""0.00"")"),"78.06 +/- 0.96") -> 78.06 +/- 0.96 | M17: =IFERROR(__xludf.DUMMYFUNCTION("TEXT(VALUE(REGEXEXTRACT(E17,""^[+-]?[0-9]*\.?[0-9]+""))*100,""0.00"")&"" +/- ""&TEXT(VALUE(REGEXEXTRACT(E17,""[0-9]*\.?[0-9]+$""))*100,""0.00"")"),"80.26 +/- 0.97") -> 80.26 +/- 0.97 | N17: =IFERROR(__xludf.DUMMYFUNCTION("TEXT(VALUE(REGEXEXTRACT(F17,""^[+-]?[0-9]*\.?[0-9]+""))*100,""0.00"")&"" +/- ""&TEXT(VALUE(REGEXEXTRACT(F17,""[0-9]*\.?[0-9]+$""))*100,""0.00"")"),"79.31 +/- 0.48") -> 79.31 +/- 0.48 | O17: =IFERROR(__xludf.DUMMYFUNCTION("TEXT(VALUE(REGEXEXTRACT(G17,""^[+-]?[0-9]*\.?[0-9]+""))*100,""0.00"")&"" +/- ""&TEXT(VALUE(REGEXEXTRACT(G17,""[0-9]*\.?[0-9]+$""))*100,""0.00"")"),"79.59 +/- 0.72") -> 79.59 +/- 0.72 | P17: =IFERROR(__xludf.DUMMYFUNCTION("TEXT(VALUE(REGEXEXTRACT(H17,""^[+-]?[0-9]*\.?[0-9]+""))*100,""0.00"")&"" +/- ""&TEXT(VALUE(REGEXEXTRACT(H17,""[0-9]*\.?[0-9]+$""))*100,""0.00"")"),"77.27 +/- 1.30") -> 77.27 +/- 1.30
A18: PC3→PC4 | B18: 0.7281 +/- 0.0086 | C18: 0.7087 +/- 0.0116 | D18: 0.6712 +/- 0.0097 | E18: 0.7485 +/- 0.0109 | F18: 0.7627 +/- 0.0054 | G18: 0.7600 +/- 0.0090 | H18: 0.5693 +/- 0.0305 | I18: =A18 -> PC3→PC4 | J18: =IFERROR(__xludf.DUMMYFUNCTION("TEXT(VALUE(REGEXEXTRACT(B18,""^[+-]?[0-9]*\.?[0-9]+""))*100,""0.00"")&"" +/- ""&TEXT(VALUE(REGEXEXTRACT(B18,""[0-9]*\.?[0-9]+$""))*100,""0.00"")"),"72.81 +/- 0.86") -> 72.81 +/- 0.86 | K18: =IFERROR(__xludf.DUMMYFUNCTION("TEXT(VALUE(REGEXEXTRACT(C18,""^[+-]?[0-9]*\.?[0-9]+""))*100,""0.00"")&"" +/- ""&TEXT(VALUE(REGEXEXTRACT(C18,""[0-9]*\.?[0-9]+$""))*100,""0.00"")"),"70.87 +/- 1.16") -> 70.87 +/- 1.16 | L18: =IFERROR(__xludf.DUMMYFUNCTION("TEXT(VALUE(REGEXEXTRACT(D18,""^[+-]?[0-9]*\.?[0-9]+""))*100,""0.00"")&"" +/- ""&TEXT(VALUE(REGEXEXTRACT(D18,""[0-9]*\.?[0-9]+$""))*100,""0.00"")"),"67.12 +/- 0.97") -> 67.12 +/- 0.97 | M18: =IFERROR(__xludf.DUMMYFUNCTION("TEXT(VALUE(REGEXEXTRACT(E18,""^[+-]?[0-9]*\.?[0-9]+""))*100,""0.00"")&"" +/- ""&TEXT(VALUE(REGEXEXTRACT(E18,""[0-9]*\.?[0-9]+$""))*100,""0.00"")"),"74.85 +/- 1.09") -> 74.85 +/- 1.09 | N18: =IFERROR(__xludf.DUMMYFUNCTION("TEXT(VALUE(REGEXEXTRACT(F18,""^[+-]?[0-9]*\.?[0-9]+""))*100,""0.00"")&"" +/- ""&TEXT(VALUE(REGEXEXTRACT(F18,""[0-9]*\.?[0-9]+$""))*100,""0.00"")"),"76.27 +/- 0.54") -> 76.27 +/- 0.54 | O18: =IFERROR(__xludf.DUMMYFUNCTION("TEXT(VALUE(REGEXEXTRACT(G18,""^[+-]?[0-9]*\.?[0-9]+""))*100,""0.00"")&"" +/- ""&TEXT(VALUE(REGEXEXTRACT(G18,""[0-9]*\.?[0-9]+$""))*100,""0.00"")"),"76.00 +/- 0.90") -> 76.00 +/- 0.90 | P18: =IFERROR(__xludf.DUMMYFUNCTION("TEXT(VALUE(REGEXEXTRACT(H18,""^[+-]?[0-9]*\.?[0-9]+""))*100,""0.00"")&"" +/- ""&TEXT(VALUE(REGEXEXTRACT(H18,""[0-9]*\.?[0-9]+$""))*100,""0.00"")"),"56.93 +/- 3.05") -> 56.93 +/- 3.05
A19: PC4→CM1 | B19: 0.5959 +/- 0.0145 | C19: 0.5794 +/- 0.0186 | D19: 0.6266 +/- 0.0144 | E19: 0.6019 +/- 0.0153 | F19: 0.6004 +/- 0.0144 | G19: 0.6034 +/- 0.0148 | H19: 0.5702 +/- 0.0179 | I19: =A19 -> PC4→CM1 | J19: =IFERROR(__xludf.DUMMYFUNCTION("TEXT(VALUE(REGEXEXTRACT(B19,""^[+-]?[0-9]*\.?[0-9]+""))*100,""0.00"")&"" +/- ""&TEXT(VALUE(REGEXEXTRACT(B19,""[0-9]*\.?[0-9]+$""))*100,""0.00"")"),"59.59 +/- 1.45") -> 59.59 +/- 1.45 | K19: =IFERROR(__xludf.DUMMYFUNCTION("TEXT(VALUE(REGEXEXTRACT(C19,""^[+-]?[0-9]*\.?[0-9]+""))*100,""0.00"")&"" +/- ""&TEXT(VALUE(REGEXEXTRACT(C19,""[0-9]*\.?[0-9]+$""))*100,""0.00"")"),"57.94 +/- 1.86") -> 57.94 +/- 1.86 | L19: =IFERROR(__xludf.DUMMYFUNCTION("TEXT(VALUE(REGEXEXTRACT(D19,""^[+-]?[0-9]*\.?[0-9]+""))*100,""0.00"")&"" +/- ""&TEXT(VALUE(REGEXEXTRACT(D19,""[0-9]*\.?[0-9]+$""))*100,""0.00"")"),"62.66 +/- 1.44") -> 62.66 +/- 1.44 | M19: =IFERROR(__xludf.DUMMYFUNCTION("TEXT(VALUE(REGEXEXTRACT(E19,""^[+-]?[0-9]*\.?[0-9]+""))*100,""0.00"")&"" +/- ""&TEXT(VALUE(REGEXEXTRACT(E19,""[0-9]*\.?[0-9]+$""))*100,""0.00"")"),"60.19 +/- 1.53") -> 60.19 +/- 1.53 | N19: =IFERROR(__xludf.DUMMYFUNCTION("TEXT(VALUE(REGEXEXTRACT(F19,""^[+-]?[0-9]*\.?[0-9]+""))*100,""0.00"")&"" +/- ""&TEXT(VALUE(REGEXEXTRACT(F19,""[0-9]*\.?[0-9]+$""))*100,""0.00"")"),"60.04 +/- 1.44") -> 60.04 +/- 1.44 | O19: =IFERROR(__xludf.DUMMYFUNCTION("TEXT(VALUE(REGEXEXTRACT(G19,""^[+-]?[0-9]*\.?[0-9]+""))*100,""0.00"")&"" +/- ""&TEXT(VALUE(REGEXEXTRACT(G19,""[0-9]*\.?[0-9]+$""))*100,""0.00"")"),"60.34 +/- 1.48") -> 60.34 +/- 1.48 | P19: =IFERROR(__xludf.DUMMYFUNCTION("TEXT(VALUE(REGEXEXTRACT(H19,""^[+-]?[0-9]*\.?[0-9]+""))*100,""0.00"")&"" +/- ""&TEXT(VALUE(REGEXEXTRACT(H19,""[0-9]*\.?[0-9]+$""))*100,""0.00"")"),"57.02 +/- 1.79") -> 57.02 +/- 1.79
A20: PC4→MW1 | B20: 0.6850 +/- 0.0151 | C20: 0.5361 +/- 0.0217 | D20: 0.7447 +/- 0.0201 | E20: 0.6593 +/- 0.0184 | F20: 0.6844 +/- 0.0184 | G20: 0.6914 +/- 0.0172 | H20: 0.3902 +/- 0.0132 | I20: =A20 -> PC4→MW1 | J20: =IFERROR(__xludf.DUMMYFUNCTION("TEXT(VALUE(REGEXEXTRACT(B20,""^[+-]?[0-9]*\.?[0-9]+""))*100,""0.00"")&"" +/- ""&TEXT(VALUE(REGEXEXTRACT(B20,""[0-9]*\.?[0-9]+$""))*100,""0.00"")"),"68.50 +/- 1.51") -> 68.50 +/- 1.51 | K20: =IFERROR(__xludf.DUMMYFUNCTION("TEXT(VALUE(REGEXEXTRACT(C20,""^[+-]?[0-9]*\.?[0-9]+""))*100,""0.00"")&"" +/- ""&TEXT(VALUE(REGEXEXTRACT(C20,""[0-9]*\.?[0-9]+$""))*100,""0.00"")"),"53.61 +/- 2.17") -> 53.61 +/- 2.17 | L20: =IFERROR(__xludf.DUMMYFUNCTION("TEXT(VALUE(REGEXEXTRACT(D20,""^[+-]?[0-9]*\.?[0-9]+""))*100,""0.00"")&"" +/- ""&TEXT(VALUE(REGEXEXTRACT(D20,""[0-9]*\.?[0-9]+$""))*100,""0.00"")"),"74.47 +/- 2.01") -> 74.47 +/- 2.01 | M20: =IFERROR(__xludf.DUMMYFUNCTION("TEXT(VALUE(REGEXEXTRACT(E20,""^[+-]?[0-9]*\.?[0-9]+""))*100,""0.00"")&"" +/- ""&TEXT(VALUE(REGEXEXTRACT(E20,""[0-9]*\.?[0-9]+$""))*100,""0.00"")"),"65.93 +/- 1.84") -> 65.93 +/- 1.84 | N20: =IFERROR(__xludf.DUMMYFUNCTION("TEXT(VALUE(REGEXEXTRACT(F20,""^[+-]?[0-9]*\.?[0-9]+""))*100,""0.00"")&"" +/- ""&TEXT(VALUE(REGEXEXTRACT(F20,""[0-9]*\.?[0-9]+$""))*100,""0.00"")"),"68.44 +/- 1.84") -> 68.44 +/- 1.84 | O20: =IFERROR(__xludf.DUMMYFUNCTION("TEXT(VALUE(REGEXEXTRACT(G20,""^[+-]?[0-9]*\.?[0-9]+""))*100,""0.00"")&"" +/- ""&TEXT(VALUE(REGEXEXTRACT(G20,""[0-9]*\.?[0-9]+$""))*100,""0.00"")"),"69.14 +/- 1.72") -> 69.14 +/- 1.72 | P20: =IFERROR(__xludf.DUMMYFUNCTION("TEXT(VALUE(REGEXEXTRACT(H20,""^[+-]?[0-9]*\.?[0-9]+""))*100,""0.00"")&"" +/- ""&TEXT(VALUE(REGEXEXTRACT(H20,""[0-9]*\.?[0-9]+$""))*100,""0.00"")"),"39.02 +/- 1.32") -> 39.02 +/- 1.32
A21: PC4→PC1 | B21: 0.7764 +/- 0.0084 | C21: 0.7919 +/- 0.0120 | D21: 0.7655 +/- 0.0118 | E21: 0.7969 +/- 0.0103 | F21: 0.7724 +/- 0.0119 | G21: 0.7889 +/- 0.0142 | H21: 0.7690 +/- 0.0119 | I21: =A21 -> PC4→PC1 | J21: =IFERROR(__xludf.DUMMYFUNCTION("TEXT(VALUE(REGEXEXTRACT(B21,""^[+-]?[0-9]*\.?[0-9]+""))*100,""0.00"")&"" +/- ""&TEXT(VALUE(REGEXEXTRACT(B21,""[0-9]*\.?[0-9]+$""))*100,""0.00"")"),"77.64 +/- 0.84") -> 77.64 +/- 0.84 | K21: =IFERROR(__xludf.DUMMYFUNCTION("TEXT(VALUE(REGEXEXTRACT(C21,""^[+-]?[0-9]*\.?[0-9]+""))*100,""0.00"")&"" +/- ""&TEXT(VALUE(REGEXEXTRACT(C21,""[0-9]*\.?[0-9]+$""))*100,""0.00"")"),"79.19 +/- 1.20") -> 79.19 +/- 1.20 | L21: =IFERROR(__xludf.DUMMYFUNCTION("TEXT(VALUE(REGEXEXTRACT(D21,""^[+-]?[0-9]*\.?[0-9]+""))*100,""0.00"")&"" +/- ""&TEXT(VALUE(REGEXEXTRACT(D21,""[0-9]*\.?[0-9]+$""))*100,""0.00"")"),"76.55 +/- 1.18") -> 76.55 +/- 1.18 | M21: =IFERROR(__xludf.DUMMYFUNCTION("TEXT(VALUE(REGEXEXTRACT(E21,""^[+-]?[0-9]*\.?[0-9]+""))*100,""0.00"")&"" +/- ""&TEXT(VALUE(REGEXEXTRACT(E21,""[0-9]*\.?[0-9]+$""))*100,""0.00"")"),"79.69 +/- 1.03") -> 79.69 +/- 1.03 | N21: =IFERROR(__xludf.DUMMYFUNCTION("TEXT(VALUE(REGEXEXTRACT(F21,""^[+-]?[0-9]*\.?[0-9]+""))*100,""0.00"")&"" +/- ""&TEXT(VALUE(REGEXEXTRACT(F21,""[0-9]*\.?[0-9]+$""))*100,""0.00"")"),"77.24 +/- 1.19") -> 77.24 +/- 1.19 | O21: =IFERROR(__xludf.DUMMYFUNCTION("TEXT(VALUE(REGEXEXTRACT(G21,""^[+-]?[0-9]*\.?[0-9]+""))*100,""0.00"")&"" +/- ""&TEXT(VALUE(REGEXEXTRACT(G21,""[0-9]*\.?[0-9]+$""))*100,""0.00"")"),"78.89 +/- 1.42") -> 78.89 +/- 1.42 | P21: =IFERROR(__xludf.DUMMYFUNCTION("TEXT(VALUE(REGEXEXTRACT(H21,""^[+-]?[0-9]*\.?[0-9]+""))*100,""0.00"")&"" +/- ""&TEXT(VALUE(REGEXEXTRACT(H21,""[0-9]*\.?[0-9]+$""))*100,""0.00"")"),"76.90 +/- 1.19") -> 76.90 +/- 1.19
A22: PC4→PC3 | B22: 0.7962 +/- 0.0062 | C22: 0.7658 +/- 0.0082 | D22: 0.7128 +/- 0.0084 | E22: 0.7425 +/- 0.0079 | F22: 0.7234 +/- 0.0063 | G22: 0.7362 +/- 0.0060 | H22: 0.7314 +/- 0.0133 | I22: =A22 -> PC4→PC3 | J22: =IFERROR(__xludf.DUMMYFUNCTION("TEXT(VALUE(REGEXEXTRACT(B22,""^[+-]?[0-9]*\.?[0-9]+""))*100,""0.00"")&"" +/- ""&TEXT(VALUE(REGEXEXTRACT(B22,""[0-9]*\.?[0-9]+$""))*100,""0.00"")"),"79.62 +/- 0.62") -> 79.62 +/- 0.62 | K22: =IFERROR(__xludf.DUMMYFUNCTION("TEXT(VALUE(REGEXEXTRACT(C22,""^[+-]?[0-9]*\.?[0-9]+""))*100,""0.00"")&"" +/- ""&TEXT(VALUE(REGEXEXTRACT(C22,""[0-9]*\.?[0-9]+$""))*100,""0.00"")"),"76.58 +/- 0.82") -> 76.58 +/- 0.82 | L22: =IFERROR(__xludf.DUMMYFUNCTION("TEXT(VALUE(REGEXEXTRACT(D22,""^[+-]?[0-9]*\.?[0-9]+""))*100,""0.00"")&"" +/- ""&TEXT(VALUE(REGEXEXTRACT(D22,""[0-9]*\.?[0-9]+$""))*100,""0.00"")"),"71.28 +/- 0.84") -> 71.28 +/- 0.84 | M22: =IFERROR(__xludf.DUMMYFUNCTION("TEXT(VALUE(REGEXEXTRACT(E22,""^[+-]?[0-9]*\.?[0-9]+""))*100,""0.00"")&"" +/- ""&TEXT(VALUE(REGEXEXTRACT(E22,""[0-9]*\.?[0-9]+$""))*100,""0.00"")"),"74.25 +/- 0.79") -> 74.25 +/- 0.79 | N22: =IFERROR(__xludf.DUMMYFUNCTION("TEXT(VALUE(REGEXEXTRACT(F22,""^[+-]?[0-9]*\.?[0-9]+""))*100,""0.00"")&"" +/- ""&TEXT(VALUE(REGEXEXTRACT(F22,""[0-9]*\.?[0-9]+$""))*100,""0.00"")"),"72.34 +/- 0.63") -> 72.34 +/- 0.63 | O22: =IFERROR(__xludf.DUMMYFUNCTION("TEXT(VALUE(REGEXEXTRACT(G22,""^[+-]?[0-9]*\.?[0-9]+""))*100,""0.00"")&"" +/- ""&TEXT(VALUE(REGEXEXTRACT(G22,""[0-9]*\.?[0-9]+$""))*100,""0.00"")"),"73.62 +/- 0.60") -> 73.62 +/- 0.60 | P22: =IFERROR(__xludf.DUMMYFUNCTION("TEXT(VALUE(REGEXEXTRACT(H22,""^[+-]?[0-9]*\.?[0-9]+""))*100,""0.00"")&"" +/- ""&TEXT(VALUE(REGEXEXTRACT(H22,""[0-9]*\.?[0-9]+$""))*100,""0.00"")"),"73.14 +/- 1.33") -> 73.14 +/- 1.33
A23: W/T/L | C23: 16/0/4 | D23: 14/0/6 | E23: 9/0/11 | F23: 8/0/12 | G23: 5/0/15 | H23: 19/0/1 | I23: =A23 -> W/T/L | K23: =IFERROR(__xludf.DUMMYFUNCTION("SUM(ARRAYFORMULA(IFERROR( (VALUE(REGEXEXTRACT($J$3:$J$22,""^[+-]?[0-9]*\.?[0-9]+""))> VALUE(REGEXEXTRACT(K$3:K$22,""^[+-]?[0-9]*\.?[0-9]+"")))*1,0))) &""/""& SUM(ARRAYFORMULA(IFERROR( (VALUE(REGEXEXTRACT($J$3:$J$22,""^[+-]?[0-9]*\.?[0-9]+""))= V"&"ALUE(REGEXEXTRACT(K$3:K$22,""^[+-]?[0-9]*\.?[0-9]+"")))*1,0))) &""/""& SUM(ARRAYFORMULA(IFERROR( (VALUE(REGEXEXTRACT($J$3:$J$22,""^[+-]?[0-9]*\.?[0-9]+""))< VALUE(REGEXEXTRACT(K$3:K$22,""^[+-]?[0-9]*\.?[0-9]+"")))*1,0)))"),"16/0/4") -> 16/0/4 | L23: =IFERROR(__xludf.DUMMYFUNCTION("SUM(ARRAYFORMULA(IFERROR( (VALUE(REGEXEXTRACT($J$3:$J$22,""^[+-]?[0-9]*\.?[0-9]+""))> VALUE(REGEXEXTRACT(L$3:L$22,""^[+-]?[0-9]*\.?[0-9]+"")))*1,0))) &""/""& SUM(ARRAYFORMULA(IFERROR( (VALUE(REGEXEXTRACT($J$3:$J$22,""^[+-]?[0-9]*\.?[0-9]+""))= V"&"ALUE(REGEXEXTRACT(L$3:L$22,""^[+-]?[0-9]*\.?[0-9]+"")))*1,0))) &""/""& SUM(ARRAYFORMULA(IFERROR( (VALUE(REGEXEXTRACT($J$3:$J$22,""^[+-]?[0-9]*\.?[0-9]+""))< VALUE(REGEXEXTRACT(L$3:L$22,""^[+-]?[0-9]*\.?[0-9]+"")))*1,0)))"),"14/0/6") -> 14/0/6 | M23: =IFERROR(__xludf.DUMMYFUNCTION("SUM(ARRAYFORMULA(IFERROR( (VALUE(REGEXEXTRACT($J$3:$J$22,""^[+-]?[0-9]*\.?[0-9]+""))> VALUE(REGEXEXTRACT(M$3:M$22,""^[+-]?[0-9]*\.?[0-9]+"")))*1,0))) &""/""& SUM(ARRAYFORMULA(IFERROR( (VALUE(REGEXEXTRACT($J$3:$J$22,""^[+-]?[0-9]*\.?[0-9]+""))= V"&"ALUE(REGEXEXTRACT(M$3:M$22,""^[+-]?[0-9]*\.?[0-9]+"")))*1,0))) &""/""& SUM(ARRAYFORMULA(IFERROR( (VALUE(REGEXEXTRACT($J$3:$J$22,""^[+-]?[0-9]*\.?[0-9]+""))< VALUE(REGEXEXTRACT(M$3:M$22,""^[+-]?[0-9]*\.?[0-9]+"")))*1,0)))"),"9/0/11") -> 9/0/11 | N23: =IFERROR(__xludf.DUMMYFUNCTION("SUM(ARRAYFORMULA(IFERROR( (VALUE(REGEXEXTRACT($J$3:$J$22,""^[+-]?[0-9]*\.?[0-9]+""))> VALUE(REGEXEXTRACT(N$3:N$22,""^[+-]?[0-9]*\.?[0-9]+"")))*1,0))) &""/""& SUM(ARRAYFORMULA(IFERROR( (VALUE(REGEXEXTRACT($J$3:$J$22,""^[+-]?[0-9]*\.?[0-9]+""))= V"&"ALUE(REGEXEXTRACT(N$3:N$22,""^[+-]?[0-9]*\.?[0-9]+"")))*1,0))) &""/""& SUM(ARRAYFORMULA(IFERROR( (VALUE(REGEXEXTRACT($J$3:$J$22,""^[+-]?[0-9]*\.?[0-9]+""))< VALUE(REGEXEXTRACT(N$3:N$22,""^[+-]?[0-9]*\.?[0-9]+"")))*1,0)))"),"8/0/12") -> 8/0/12 | O23: =IFERROR(__xludf.DUMMYFUNCTION("SUM(ARRAYFORMULA(IFERROR( (VALUE(REGEXEXTRACT($J$3:$J$22,""^[+-]?[0-9]*\.?[0-9]+""))> VALUE(REGEXEXTRACT(O$3:O$22,""^[+-]?[0-9]*\.?[0-9]+"")))*1,0))) &""/""& SUM(ARRAYFORMULA(IFERROR( (VALUE(REGEXEXTRACT($J$3:$J$22,""^[+-]?[0-9]*\.?[0-9]+""))= V"&"ALUE(REGEXEXTRACT(O$3:O$22,""^[+-]?[0-9]*\.?[0-9]+"")))*1,0))) &""/""& SUM(ARRAYFORMULA(IFERROR( (VALUE(REGEXEXTRACT($J$3:$J$22,""^[+-]?[0-9]*\.?[0-9]+""))< VALUE(REGEXEXTRACT(O$3:O$22,""^[+-]?[0-9]*\.?[0-9]+"")))*1,0)))"),"5/0/15") -> 5/0/15 | P23: =IFERROR(__xludf.DUMMYFUNCTION("SUM(ARRAYFORMULA(IFERROR( (VALUE(REGEXEXTRACT($J$3:$J$22,""^[+-]?[0-9]*\.?[0-9]+""))> VALUE(REGEXEXTRACT(P$3:P$22,""^[+-]?[0-9]*\.?[0-9]+"")))*1,0))) &""/""& SUM(ARRAYFORMULA(IFERROR( (VALUE(REGEXEXTRACT($J$3:$J$22,""^[+-]?[0-9]*\.?[0-9]+""))= V"&"ALUE(REGEXEXTRACT(P$3:P$22,""^[+-]?[0-9]*\.?[0-9]+"")))*1,0))) &""/""& SUM(ARRAYFORMULA(IFERROR( (VALUE(REGEXEXTRACT($J$3:$J$22,""^[+-]?[0-9]*\.?[0-9]+""))< VALUE(REGEXEXTRACT(P$3:P$22,""^[+-]?[0-9]*\.?[0-9]+"")))*1,0)))"),"19/0/1") -> 19/0/1
A24: Average (%) | B24: 72.65 | C24: 68.94 | D24: 68.87 | E24: 71.82 | F24: 71.26 | G24: 71.72 | H24: 61.23 | I24: =A24 -> Average (%) | J24: =IFERROR(__xludf.DUMMYFUNCTION("ROUND(AVERAGE(ARRAYFORMULA(IFERROR(VALUE(REGEXEXTRACT(J$3:J$22,""^[+-]?[0-9]*\.?[0-9]+"")),""""))),2)"),72.65) -> 72.65 | K24: =IFERROR(__xludf.DUMMYFUNCTION("ROUND(AVERAGE(ARRAYFORMULA(IFERROR(VALUE(REGEXEXTRACT(K$3:K$22,""^[+-]?[0-9]*\.?[0-9]+"")),""""))),2)"),68.94) -> 68.94 | L24: =IFERROR(__xludf.DUMMYFUNCTION("ROUND(AVERAGE(ARRAYFORMULA(IFERROR(VALUE(REGEXEXTRACT(L$3:L$22,""^[+-]?[0-9]*\.?[0-9]+"")),""""))),2)"),68.87) -> 68.87 | M24: =IFERROR(__xludf.DUMMYFUNCTION("ROUND(AVERAGE(ARRAYFORMULA(IFERROR(VALUE(REGEXEXTRACT(M$3:M$22,""^[+-]?[0-9]*\.?[0-9]+"")),""""))),2)"),71.82) -> 71.82 | N24: =IFERROR(__xludf.DUMMYFUNCTION("ROUND(AVERAGE(ARRAYFORMULA(IFERROR(VALUE(REGEXEXTRACT(N$3:N$22,""^[+-]?[0-9]*\.?[0-9]+"")),""""))),2)"),71.26) -> 71.26 | O24: =IFERROR(__xludf.DUMMYFUNCTION("ROUND(AVERAGE(ARRAYFORMULA(IFERROR(VALUE(REGEXEXTRACT(O$3:O$22,""^[+-]?[0-9]*\.?[0-9]+"")),""""))),2)"),71.72) -> 71.72 | P24: =IFERROR(__xludf.DUMMYFUNCTION("ROUND(AVERAGE(ARRAYFORMULA(IFERROR(VALUE(REGEXEXTRACT(P$3:P$22,""^[+-]?[0-9]*\.?[0-9]+"")),""""))),2)"),61.23) -> 61.23
A25: RELINK | I25: RELINK
A26: A→S | B26: 0.8130 +/- 0.0195 | C26: 0.8130 +/- 0.0195 | D26: 0.6758 +/- 0.0474 | E26: 0.8130 +/- 0.0195 | F26: 0.8130 +/- 0.0195 | G26: 0.8130 +/- 0.0195 | H26: 0.8130 +/- 0.0195 | I26: =A26 -> A→S | J26: =IFERROR(__xludf.DUMMYFUNCTION("TEXT(VALUE(REGEXEXTRACT(B26,""^[+-]?[0-9]*\.?[0-9]+""))*100,""0.00"")&"" +/- ""&TEXT(VALUE(REGEXEXTRACT(B26,""[0-9]*\.?[0-9]+$""))*100,""0.00"")"),"81.30 +/- 1.95") -> 81.30 +/- 1.95 | K26: =IFERROR(__xludf.DUMMYFUNCTION("TEXT(VALUE(REGEXEXTRACT(C26,""^[+-]?[0-9]*\.?[0-9]+""))*100,""0.00"")&"" +/- ""&TEXT(VALUE(REGEXEXTRACT(C26,""[0-9]*\.?[0-9]+$""))*100,""0.00"")"),"81.30 +/- 1.95") -> 81.30 +/- 1.95 | L26: =IFERROR(__xludf.DUMMYFUNCTION("TEXT(VALUE(REGEXEXTRACT(D26,""^[+-]?[0-9]*\.?[0-9]+""))*100,""0.00"")&"" +/- ""&TEXT(VALUE(REGEXEXTRACT(D26,""[0-9]*\.?[0-9]+$""))*100,""0.00"")"),"67.58 +/- 4.74") -> 67.58 +/- 4.74 | M26: =IFERROR(__xludf.DUMMYFUNCTION("TEXT(VALUE(REGEXEXTRACT(E26,""^[+-]?[0-9]*\.?[0-9]+""))*100,""0.00"")&"" +/- ""&TEXT(VALUE(REGEXEXTRACT(E26,""[0-9]*\.?[0-9]+$""))*100,""0.00"")"),"81.30 +/- 1.95") -> 81.30 +/- 1.95 | N26: =IFERROR(__xludf.DUMMYFUNCTION("TEXT(VALUE(REGEXEXTRACT(F26,""^[+-]?[0-9]*\.?[0-9]+""))*100,""0.00"")&"" +/- ""&TEXT(VALUE(REGEXEXTRACT(F26,""[0-9]*\.?[0-9]+$""))*100,""0.00"")"),"81.30 +/- 1.95") -> 81.30 +/- 1.95 | O26: =IFERROR(__xludf.DUMMYFUNCTION("TEXT(VALUE(REGEXEXTRACT(G26,""^[+-]?[0-9]*\.?[0-9]+""))*100,""0.00"")&"" +/- ""&TEXT(VALUE(REGEXEXTRACT(G26,""[0-9]*\.?[0-9]+$""))*100,""0.00"")"),"81.30 +/- 1.95") -> 81.30 +/- 1.95 | P26: =IFERROR(__xludf.DUMMYFUNCTION("TEXT(VALUE(REGEXEXTRACT(H26,""^[+-]?[0-9]*\.?[0-9]+""))*100,""0.00"")&"" +/- ""&TEXT(VALUE(REGEXEXTRACT(H26,""[0-9]*\.?[0-9]+$""))*100,""0.00"")"),"81.30 +/- 1.95") -> 81.30 +/- 1.95
A27: A→Z | B27: 0.6422 +/- 0.0115 | C27: 0.6422 +/- 0.0115 | D27: 0.5664 +/- 0.0329 | E27: 0.6422 +/- 0.0115 | F27: 0.6422 +/- 0.0115 | G27: 0.6422 +/- 0.0115 | H27: 0.6422 +/- 0.0115 | I27: =A27 -> A→Z | J27: =IFERROR(__xludf.DUMMYFUNCTION("TEXT(VALUE(REGEXEXTRACT(B27,""^[+-]?[0-9]*\.?[0-9]+""))*100,""0.00"")&"" +/- ""&TEXT(VALUE(REGEXEXTRACT(B27,""[0-9]*\.?[0-9]+$""))*100,""0.00"")"),"64.22 +/- 1.15") -> 64.22 +/- 1.15 | K27: =IFERROR(__xludf.DUMMYFUNCTION("TEXT(VALUE(REGEXEXTRACT(C27,""^[+-]?[0-9]*\.?[0-9]+""))*100,""0.00"")&"" +/- ""&TEXT(VALUE(REGEXEXTRACT(C27,""[0-9]*\.?[0-9]+$""))*100,""0.00"")"),"64.22 +/- 1.15") -> 64.22 +/- 1.15 | L27: =IFERROR(__xludf.DUMMYFUNCTION("TEXT(VALUE(REGEXEXTRACT(D27,""^[+-]?[0-9]*\.?[0-9]+""))*100,""0.00"")&"" +/- ""&TEXT(VALUE(REGEXEXTRACT(D27,""[0-9]*\.?[0-9]+$""))*100,""0.00"")"),"56.64 +/- 3.29") -> 56.64 +/- 3.29 | M27: =IFERROR(__xludf.DUMMYFUNCTION("TEXT(VALUE(REGEXEXTRACT(E27,""^[+-]?[0-9]*\.?[0-9]+""))*100,""0.00"")&"" +/- ""&TEXT(VALUE(REGEXEXTRACT(E27,""[0-9]*\.?[0-9]+$""))*100,""0.00"")"),"64.22 +/- 1.15") -> 64.22 +/- 1.15 | N27: =IFERROR(__xludf.DUMMYFUNCTION("TEXT(VALUE(REGEXEXTRACT(F27,""^[+-]?[0-9]*\.?[0-9]+""))*100,""0.00"")&"" +/- ""&TEXT(VALUE(REGEXEXTRACT(F27,""[0-9]*\.?[0-9]+$""))*100,""0.00"")"),"64.22 +/- 1.15") -> 64.22 +/- 1.15 | O27: =IFERROR(__xludf.DUMMYFUNCTION("TEXT(VALUE(REGEXEXTRACT(G27,""^[+-]?[0-9]*\.?[0-9]+""))*100,""0.00"")&"" +/- ""&TEXT(VALUE(REGEXEXTRACT(G27,""[0-9]*\.?[0-9]+$""))*100,""0.00"")"),"64.22 +/- 1.15") -> 64.22 +/- 1.15 | P27: =IFERROR(__xludf.DUMMYFUNCTION("TEXT(VALUE(REGEXEXTRACT(H27,""^[+-]?[0-9]*\.?[0-9]+""))*100,""0.00"")&"" +/- ""&TEXT(VALUE(REGEXEXTRACT(H27,""[0-9]*\.?[0-9]+$""))*100,""0.00"")"),"64.22 +/- 1.15") -> 64.22 +/- 1.15
A28: S→A | B28: 0.7747 +/- 0.0072 | C28: 0.7765 +/- 0.0053 | D28: 0.6399 +/- 0.0211 | E28: 0.7742 +/- 0.0108 | F28: 0.7798 +/- 0.0074 | G28: 0.7762 +/- 0.0073 | H28: 0.7537 +/- 0.0127 | I28: =A28 -> S→A | J28: =IFERROR(__xludf.DUMMYFUNCTION("TEXT(VALUE(REGEXEXTRACT(B28,""^[+-]?[0-9]*\.?[0-9]+""))*100,""0.00"")&"" +/- ""&TEXT(VALUE(REGEXEXTRACT(B28,""[0-9]*\.?[0-9]+$""))*100,""0.00"")"),"77.47 +/- 0.72") -> 77.47 +/- 0.72 | K28: =IFERROR(__xludf.DUMMYFUNCTION("TEXT(VALUE(REGEXEXTRACT(C28,""^[+-]?[0-9]*\.?[0-9]+""))*100,""0.00"")&"" +/- ""&TEXT(VALUE(REGEXEXTRACT(C28,""[0-9]*\.?[0-9]+$""))*100,""0.00"")"),"77.65 +/- 0.53") -> 77.65 +/- 0.53 | L28: =IFERROR(__xludf.DUMMYFUNCTION("TEXT(VALUE(REGEXEXTRACT(D28,""^[+-]?[0-9]*\.?[0-9]+""))*100,""0.00"")&"" +/- ""&TEXT(VALUE(REGEXEXTRACT(D28,""[0-9]*\.?[0-9]+$""))*100,""0.00"")"),"63.99 +/- 2.11") -> 63.99 +/- 2.11 | M28: =IFERROR(__xludf.DUMMYFUNCTION("TEXT(VALUE(REGEXEXTRACT(E28,""^[+-]?[0-9]*\.?[0-9]+""))*100,""0.00"")&"" +/- ""&TEXT(VALUE(REGEXEXTRACT(E28,""[0-9]*\.?[0-9]+$""))*100,""0.00"")"),"77.42 +/- 1.08") -> 77.42 +/- 1.08 | N28: =IFERROR(__xludf.DUMMYFUNCTION("TEXT(VALUE(REGEXEXTRACT(F28,""^[+-]?[0-9]*\.?[0-9]+""))*100,""0.00"")&"" +/- ""&TEXT(VALUE(REGEXEXTRACT(F28,""[0-9]*\.?[0-9]+$""))*100,""0.00"")"),"77.98 +/- 0.74") -> 77.98 +/- 0.74 | O28: =IFERROR(__xludf.DUMMYFUNCTION("TEXT(VALUE(REGEXEXTRACT(G28,""^[+-]?[0-9]*\.?[0-9]+""))*100,""0.00"")&"" +/- ""&TEXT(VALUE(REGEXEXTRACT(G28,""[0-9]*\.?[0-9]+$""))*100,""0.00"")"),"77.62 +/- 0.73") -> 77.62 +/- 0.73 | P28: =IFERROR(__xludf.DUMMYFUNCTION("TEXT(VALUE(REGEXEXTRACT(H28,""^[+-]?[0-9]*\.?[0-9]+""))*100,""0.00"")&"" +/- ""&TEXT(VALUE(REGEXEXTRACT(H28,""[0-9]*\.?[0-9]+$""))*100,""0.00"")"),"75.37 +/- 1.27") -> 75.37 +/- 1.27
A29: S→Z | B29: 0.6363 +/- 0.0055 | C29: 0.6375 +/- 0.0052 | D29: 0.5037 +/- 0.0225 | E29: 0.6338 +/- 0.0081 | F29: 0.6421 +/- 0.0068 | G29: 0.6377 +/- 0.0080 | H29: 0.6183 +/- 0.0088 | I29: =A29 -> S→Z | J29: =IFERROR(__xludf.DUMMYFUNCTION("TEXT(VALUE(REGEXEXTRACT(B29,""^[+-]?[0-9]*\.?[0-9]+""))*100,""0.00"")&"" +/- ""&TEXT(VALUE(REGEXEXTRACT(B29,""[0-9]*\.?[0-9]+$""))*100,""0.00"")"),"63.63 +/- 0.55") -> 63.63 +/- 0.55 | K29: =IFERROR(__xludf.DUMMYFUNCTION("TEXT(VALUE(REGEXEXTRACT(C29,""^[+-]?[0-9]*\.?[0-9]+""))*100,""0.00"")&"" +/- ""&TEXT(VALUE(REGEXEXTRACT(C29,""[0-9]*\.?[0-9]+$""))*100,""0.00"")"),"63.75 +/- 0.52") -> 63.75 +/- 0.52 | L29: =IFERROR(__xludf.DUMMYFUNCTION("TEXT(VALUE(REGEXEXTRACT(D29,""^[+-]?[0-9]*\.?[0-9]+""))*100,""0.00"")&"" +/- ""&TEXT(VALUE(REGEXEXTRACT(D29,""[0-9]*\.?[0-9]+$""))*100,""0.00"")"),"50.37 +/- 2.25") -> 50.37 +/- 2.25 | M29: =IFERROR(__xludf.DUMMYFUNCTION("TEXT(VALUE(REGEXEXTRACT(E29,""^[+-]?[0-9]*\.?[0-9]+""))*100,""0.00"")&"" +/- ""&TEXT(VALUE(REGEXEXTRACT(E29,""[0-9]*\.?[0-9]+$""))*100,""0.00"")"),"63.38 +/- 0.81") -> 63.38 +/- 0.81 | N29: =IFERROR(__xludf.DUMMYFUNCTION("TEXT(VALUE(REGEXEXTRACT(F29,""^[+-]?[0-9]*\.?[0-9]+""))*100,""0.00"")&"" +/- ""&TEXT(VALUE(REGEXEXTRACT(F29,""[0-9]*\.?[0-9]+$""))*100,""0.00"")"),"64.21 +/- 0.68") -> 64.21 +/- 0.68 | O29: =IFERROR(__xludf.DUMMYFUNCTION("TEXT(VALUE(REGEXEXTRACT(G29,""^[+-]?[0-9]*\.?[0-9]+""))*100,""0.00"")&"" +/- ""&TEXT(VALUE(REGEXEXTRACT(G29,""[0-9]*\.?[0-9]+$""))*100,""0.00"")"),"63.77 +/- 0.80") -> 63.77 +/- 0.80 | P29: =IFERROR(__xludf.DUMMYFUNCTION("TEXT(VALUE(REGEXEXTRACT(H29,""^[+-]?[0-9]*\.?[0-9]+""))*100,""0.00"")&"" +/- ""&TEXT(VALUE(REGEXEXTRACT(H29,""[0-9]*\.?[0-9]+$""))*100,""0.00"")"),"61.83 +/- 0.88") -> 61.83 +/- 0.88
A30: Z→A | B30: 0.7202 +/- 0.0138 | C30: 0.6594 +/- 0.0242 | D30: 0.6190 +/- 0.0302 | E30: 0.7023 +/- 0.0194 | F30: 0.7161 +/- 0.0168 | G30: 0.7144 +/- 0.0186 | H30: 0.3925 +/- 0.0310 | I30: =A30 -> Z→A | J30: =IFERROR(__xludf.DUMMYFUNCTION("TEXT(VALUE(REGEXEXTRACT(B30,""^[+-]?[0-9]*\.?[0-9]+""))*100,""0.00"")&"" +/- ""&TEXT(VALUE(REGEXEXTRACT(B30,""[0-9]*\.?[0-9]+$""))*100,""0.00"")"),"72.02 +/- 1.38") -> 72.02 +/- 1.38 | K30: =IFERROR(__xludf.DUMMYFUNCTION("TEXT(VALUE(REGEXEXTRACT(C30,""^[+-]?[0-9]*\.?[0-9]+""))*100,""0.00"")&"" +/- ""&TEXT(VALUE(REGEXEXTRACT(C30,""[0-9]*\.?[0-9]+$""))*100,""0.00"")"),"65.94 +/- 2.42") -> 65.94 +/- 2.42 | L30: =IFERROR(__xludf.DUMMYFUNCTION("TEXT(VALUE(REGEXEXTRACT(D30,""^[+-]?[0-9]*\.?[0-9]+""))*100,""0.00"")&"" +/- ""&TEXT(VALUE(REGEXEXTRACT(D30,""[0-9]*\.?[0-9]+$""))*100,""0.00"")"),"61.90 +/- 3.02") -> 61.90 +/- 3.02 | M30: =IFERROR(__xludf.DUMMYFUNCTION("TEXT(VALUE(REGEXEXTRACT(E30,""^[+-]?[0-9]*\.?[0-9]+""))*100,""0.00"")&"" +/- ""&TEXT(VALUE(REGEXEXTRACT(E30,""[0-9]*\.?[0-9]+$""))*100,""0.00"")"),"70.23 +/- 1.94") -> 70.23 +/- 1.94 | N30: =IFERROR(__xludf.DUMMYFUNCTION("TEXT(VALUE(REGEXEXTRACT(F30,""^[+-]?[0-9]*\.?[0-9]+""))*100,""0.00"")&"" +/- ""&TEXT(VALUE(REGEXEXTRACT(F30,""[0-9]*\.?[0-9]+$""))*100,""0.00"")"),"71.61 +/- 1.68") -> 71.61 +/- 1.68 | O30: =IFERROR(__xludf.DUMMYFUNCTION("TEXT(VALUE(REGEXEXTRACT(G30,""^[+-]?[0-9]*\.?[0-9]+""))*100,""0.00"")&"" +/- ""&TEXT(VALUE(REGEXEXTRACT(G30,""[0-9]*\.?[0-9]+$""))*100,""0.00"")"),"71.44 +/- 1.86") -> 71.44 +/- 1.86 | P30: =IFERROR(__xludf.DUMMYFUNCTION("TEXT(VALUE(REGEXEXTRACT(H30,""^[+-]?[0-9]*\.?[0-9]+""))*100,""0.00"")&"" +/- ""&TEXT(VALUE(REGEXEXTRACT(H30,""[0-9]*\.?[0-9]+$""))*100,""0.00"")"),"39.25 +/- 3.10") -> 39.25 +/- 3.10
A31: Z→S | B31: 0.8534 +/- 0.0223 | C31: 0.7477 +/- 0.0318 | D31: 0.4959 +/- 0.0487 | E31: 0.8113 +/- 0.0235 | F31: 0.8170 +/- 0.0216 | G31: 0.8076 +/- 0.0167 | H31: 0.4156 +/- 0.0307 | I31: =A31 -> Z→S | J31: =IFERROR(__xludf.DUMMYFUNCTION("TEXT(VALUE(REGEXEXTRACT(B31,""^[+-]?[0-9]*\.?[0-9]+""))*100,""0.00"")&"" +/- ""&TEXT(VALUE(REGEXEXTRACT(B31,""[0-9]*\.?[0-9]+$""))*100,""0.00"")"),"85.34 +/- 2.23") -> 85.34 +/- 2.23 | K31: =IFERROR(__xludf.DUMMYFUNCTION("TEXT(VALUE(REGEXEXTRACT(C31,""^[+-]?[0-9]*\.?[0-9]+""))*100,""0.00"")&"" +/- ""&TEXT(VALUE(REGEXEXTRACT(C31,""[0-9]*\.?[0-9]+$""))*100,""0.00"")"),"74.77 +/- 3.18") -> 74.77 +/- 3.18 | L31: =IFERROR(__xludf.DUMMYFUNCTION("TEXT(VALUE(REGEXEXTRACT(D31,""^[+-]?[0-9]*\.?[0-9]+""))*100,""0.00"")&"" +/- ""&TEXT(VALUE(REGEXEXTRACT(D31,""[0-9]*\.?[0-9]+$""))*100,""0.00"")"),"49.59 +/- 4.87") -> 49.59 +/- 4.87 | M31: =IFERROR(__xludf.DUMMYFUNCTION("TEXT(VALUE(REGEXEXTRACT(E31,""^[+-]?[0-9]*\.?[0-9]+""))*100,""0.00"")&"" +/- ""&TEXT(VALUE(REGEXEXTRACT(E31,""[0-9]*\.?[0-9]+$""))*100,""0.00"")"),"81.13 +/- 2.35") -> 81.13 +/- 2.35 | N31: =IFERROR(__xludf.DUMMYFUNCTION("TEXT(VALUE(REGEXEXTRACT(F31,""^[+-]?[0-9]*\.?[0-9]+""))*100,""0.00"")&"" +/- ""&TEXT(VALUE(REGEXEXTRACT(F31,""[0-9]*\.?[0-9]+$""))*100,""0.00"")"),"81.70 +/- 2.16") -> 81.70 +/- 2.16 | O31: =IFERROR(__xludf.DUMMYFUNCTION("TEXT(VALUE(REGEXEXTRACT(G31,""^[+-]?[0-9]*\.?[0-9]+""))*100,""0.00"")&"" +/- ""&TEXT(VALUE(REGEXEXTRACT(G31,""[0-9]*\.?[0-9]+$""))*100,""0.00"")"),"80.76 +/- 1.67") -> 80.76 +/- 1.67 | P31: =IFERROR(__xludf.DUMMYFUNCTION("TEXT(VALUE(REGEXEXTRACT(H31,""^[+-]?[0-9]*\.?[0-9]+""))*100,""0.00"")&"" +/- ""&TEXT(VALUE(REGEXEXTRACT(H31,""[0-9]*\.?[0-9]+$""))*100,""0.00"")"),"41.56 +/- 3.07") -> 41.56 +/- 3.07
A32: W/T/L | C32: 2/2/2 | D32: 6/0/0 | E32: 4/2/0 | F32: 2/2/2 | G32: 2/2/2 | H32: 4/2/0 | I32: =A32 -> W/T/L | K32: =IFERROR(__xludf.DUMMYFUNCTION("SUM(ARRAYFORMULA(IFERROR( (VALUE(REGEXEXTRACT($J$26:$J$31,""^[+-]?[0-9]*\.?[0-9]+""))> VALUE(REGEXEXTRACT(K$26:K$31,""^[+-]?[0-9]*\.?[0-9]+"")))*1,0))) &""/""& SUM(ARRAYFORMULA(IFERROR( (VALUE(REGEXEXTRACT($J$26:$J$31,""^[+-]?[0-9]*\.?[0-9]+""))= "&" VALUE(REGEXEXTRACT(K$26:K$31,""^[+-]?[0-9]*\.?[0-9]+"")))*1,0))) &""/""& SUM(ARRAYFORMULA(IFERROR( (VALUE(REGEXEXTRACT($J$26:$J$31,""^[+-]?[0-9]*\.?[0-9]+""))< VALUE(REGEXEXTRACT(K$26:K$31,""^[+-]?[0-9]*\.?[0-9]+"")))*1,0)))"),"2/2/2") -> 2/2/2 | L32: =IFERROR(__xludf.DUMMYFUNCTION("SUM(ARRAYFORMULA(IFERROR( (VALUE(REGEXEXTRACT($J$26:$J$31,""^[+-]?[0-9]*\.?[0-9]+""))> VALUE(REGEXEXTRACT(L$26:L$31,""^[+-]?[0-9]*\.?[0-9]+"")))*1,0))) &""/""& SUM(ARRAYFORMULA(IFERROR( (VALUE(REGEXEXTRACT($J$26:$J$31,""^[+-]?[0-9]*\.?[0-9]+""))= "&" VALUE(REGEXEXTRACT(L$26:L$31,""^[+-]?[0-9]*\.?[0-9]+"")))*1,0))) &""/""& SUM(ARRAYFORMULA(IFERROR( (VALUE(REGEXEXTRACT($J$26:$J$31,""^[+-]?[0-9]*\.?[0-9]+""))< VALUE(REGEXEXTRACT(L$26:L$31,""^[+-]?[0-9]*\.?[0-9]+"")))*1,0)))"),"6/0/0") -> 6/0/0 | M32: =IFERROR(__xludf.DUMMYFUNCTION("SUM(ARRAYFORMULA(IFERROR( (VALUE(REGEXEXTRACT($J$26:$J$31,""^[+-]?[0-9]*\.?[0-9]+""))> VALUE(REGEXEXTRACT(M$26:M$31,""^[+-]?[0-9]*\.?[0-9]+"")))*1,0))) &""/""& SUM(ARRAYFORMULA(IFERROR( (VALUE(REGEXEXTRACT($J$26:$J$31,""^[+-]?[0-9]*\.?[0-9]+""))= "&" VALUE(REGEXEXTRACT(M$26:M$31,""^[+-]?[0-9]*\.?[0-9]+"")))*1,0))) &""/""& SUM(ARRAYFORMULA(IFERROR( (VALUE(REGEXEXTRACT($J$26:$J$31,""^[+-]?[0-9]*\.?[0-9]+""))< VALUE(REGEXEXTRACT(M$26:M$31,""^[+-]?[0-9]*\.?[0-9]+"")))*1,0)))"),"4/2/0") -> 4/2/0 | N32: =IFERROR(__xludf.DUMMYFUNCTION("SUM(ARRAYFORMULA(IFERROR( (VALUE(REGEXEXTRACT($J$26:$J$31,""^[+-]?[0-9]*\.?[0-9]+""))> VALUE(REGEXEXTRACT(N$26:N$31,""^[+-]?[0-9]*\.?[0-9]+"")))*1,0))) &""/""& SUM(ARRAYFORMULA(IFERROR( (VALUE(REGEXEXTRACT($J$26:$J$31,""^[+-]?[0-9]*\.?[0-9]+""))= "&" VALUE(REGEXEXTRACT(N$26:N$31,""^[+-]?[0-9]*\.?[0-9]+"")))*1,0))) &""/""& SUM(ARRAYFORMULA(IFERROR( (VALUE(REGEXEXTRACT($J$26:$J$31,""^[+-]?[0-9]*\.?[0-9]+""))< VALUE(REGEXEXTRACT(N$26:N$31,""^[+-]?[0-9]*\.?[0-9]+"")))*1,0)))"),"2/2/2") -> 2/2/2 | O32: =IFERROR(__xludf.DUMMYFUNCTION("SUM(ARRAYFORMULA(IFERROR( (VALUE(REGEXEXTRACT($J$26:$J$31,""^[+-]?[0-9]*\.?[0-9]+""))> VALUE(REGEXEXTRACT(O$26:O$31,""^[+-]?[0-9]*\.?[0-9]+"")))*1,0))) &""/""& SUM(ARRAYFORMULA(IFERROR( (VALUE(REGEXEXTRACT($J$26:$J$31,""^[+-]?[0-9]*\.?[0-9]+""))= "&" VALUE(REGEXEXTRACT(O$26:O$31,""^[+-]?[0-9]*\.?[0-9]+"")))*1,0))) &""/""& SUM(ARRAYFORMULA(IFERROR( (VALUE(REGEXEXTRACT($J$26:$J$31,""^[+-]?[0-9]*\.?[0-9]+""))< VALUE(REGEXEXTRACT(O$26:O$31,""^[+-]?[0-9]*\.?[0-9]+"")))*1,0)))"),"2/2/2") -> 2/2/2 | P32: =IFERROR(__xludf.DUMMYFUNCTION("SUM(ARRAYFORMULA(IFERROR( (VALUE(REGEXEXTRACT($J$26:$J$31,""^[+-]?[0-9]*\.?[0-9]+""))> VALUE(REGEXEXTRACT(P$26:P$31,""^[+-]?[0-9]*\.?[0-9]+"")))*1,0))) &""/""& SUM(ARRAYFORMULA(IFERROR( (VALUE(REGEXEXTRACT($J$26:$J$31,""^[+-]?[0-9]*\.?[0-9]+""))= "&" VALUE(REGEXEXTRACT(P$26:P$31,""^[+-]?[0-9]*\.?[0-9]+"")))*1,0))) &""/""& SUM(ARRAYFORMULA(IFERROR( (VALUE(REGEXEXTRACT($J$26:$J$31,""^[+-]?[0-9]*\.?[0-9]+""))< VALUE(REGEXEXTRACT(P$26:P$31,""^[+-]?[0-9]*\.?[0-9]+"")))*1,0)))"),"4/2/0") -> 4/2/0
A33: Average (%) | B33: 74 | C33: 71.27 | D33: 58.35 | E33: 72.95 | F33: 73.5 | G33: 73.19 | H33: 60.59 | I33: =A33 -> Average (%) | J33: =IFERROR(__xludf.DUMMYFUNCTION("ROUND(AVERAGE(ARRAYFORMULA(IFERROR(VALUE(REGEXEXTRACT(J$26:J$31,""^[+-]?[0-9]*\.?[0-9]+"")),""""))),2)"),74.0) -> 74 | K33: =IFERROR(__xludf.DUMMYFUNCTION("ROUND(AVERAGE(ARRAYFORMULA(IFERROR(VALUE(REGEXEXTRACT(K$26:K$31,""^[+-]?[0-9]*\.?[0-9]+"")),""""))),2)"),71.27) -> 71.27 | L33: =IFERROR(__xludf.DUMMYFUNCTION("ROUND(AVERAGE(ARRAYFORMULA(IFERROR(VALUE(REGEXEXTRACT(L$26:L$31,""^[+-]?[0-9]*\.?[0-9]+"")),""""))),2)"),58.35) -> 58.35 | M33: =IFERROR(__xludf.DUMMYFUNCTION("ROUND(AVERAGE(ARRAYFORMULA(IFERROR(VALUE(REGEXEXTRACT(M$26:M$31,""^[+-]?[0-9]*\.?[0-9]+"")),""""))),2)"),72.95) -> 72.95 | N33: =IFERROR(__xludf.DUMMYFUNCTION("ROUND(AVERAGE(ARRAYFORMULA(IFERROR(VALUE(REGEXEXTRACT(N$26:N$31,""^[+-]?[0-9]*\.?[0-9]+"")),""""))),2)"),73.5) -> 73.5 | O33: =IFERROR(__xludf.DUMMYFUNCTION("ROUND(AVERAGE(ARRAYFORMULA(IFERROR(VALUE(REGEXEXTRACT(O$26:O$31,""^[+-]?[0-9]*\.?[0-9]+"")),""""))),2)"),73.19) -> 73.19 | P33: =IFERROR(__xludf.DUMMYFUNCTION("ROUND(AVERAGE(ARRAYFORMULA(IFERROR(VALUE(REGEXEXTRACT(P$26:P$31,""^[+-]?[0-9]*\.?[0-9]+"")),""""))),2)"),60.59) -> 60.59
A34: SOFTLAB | I34: SOFTLAB
A35: AR1→AR3 | B35: 0.7197 +/- 0.0130 | C35: 0.8023 +/- 0.0271 | D35: 0.7330 +/- 0.0229 | E35: 0.7836 +/- 0.0161 | F35: 0.7214 +/- 0.0163 | G35: 0.7185 +/- 0.0152 | H35: 0.8090 +/- 0.0214 | I35: =A35 -> AR1→AR3 | J35: =IFERROR(__xludf.DUMMYFUNCTION("TEXT(VALUE(REGEXEXTRACT(B35,""^[+-]?[0-9]*\.?[0-9]+""))*100,""0.00"")&"" +/- ""&TEXT(VALUE(REGEXEXTRACT(B35,""[0-9]*\.?[0-9]+$""))*100,""0.00"")"),"71.97 +/- 1.30") -> 71.97 +/- 1.30 | K35: =IFERROR(__xludf.DUMMYFUNCTION("TEXT(VALUE(REGEXEXTRACT(C35,""^[+-]?[0-9]*\.?[0-9]+""))*100,""0.00"")&"" +/- ""&TEXT(VALUE(REGEXEXTRACT(C35,""[0-9]*\.?[0-9]+$""))*100,""0.00"")"),"80.23 +/- 2.71") -> 80.23 +/- 2.71 | L35: =IFERROR(__xludf.DUMMYFUNCTION("TEXT(VALUE(REGEXEXTRACT(D35,""^[+-]?[0-9]*\.?[0-9]+""))*100,""0.00"")&"" +/- ""&TEXT(VALUE(REGEXEXTRACT(D35,""[0-9]*\.?[0-9]+$""))*100,""0.00"")"),"73.30 +/- 2.29") -> 73.30 +/- 2.29 | M35: =IFERROR(__xludf.DUMMYFUNCTION("TEXT(VALUE(REGEXEXTRACT(E35,""^[+-]?[0-9]*\.?[0-9]+""))*100,""0.00"")&"" +/- ""&TEXT(VALUE(REGEXEXTRACT(E35,""[0-9]*\.?[0-9]+$""))*100,""0.00"")"),"78.36 +/- 1.61") -> 78.36 +/- 1.61 | N35: =IFERROR(__xludf.DUMMYFUNCTION("TEXT(VALUE(REGEXEXTRACT(F35,""^[+-]?[0-9]*\.?[0-9]+""))*100,""0.00"")&"" +/- ""&TEXT(VALUE(REGEXEXTRACT(F35,""[0-9]*\.?[0-9]+$""))*100,""0.00"")"),"72.14 +/- 1.63") -> 72.14 +/- 1.63 | O35: =IFERROR(__xludf.DUMMYFUNCTION("TEXT(VALUE(REGEXEXTRACT(G35,""^[+-]?[0-9]*\.?[0-9]+""))*100,""0.00"")&"" +/- ""&TEXT(VALUE(REGEXEXTRACT(G35,""[0-9]*\.?[0-9]+$""))*100,""0.00"")"),"71.85 +/- 1.52") -> 71.85 +/- 1.52 | P35: =IFERROR(__xludf.DUMMYFUNCTION("TEXT(VALUE(REGEXEXTRACT(H35,""^[+-]?[0-9]*\.?[0-9]+""))*100,""0.00"")&"" +/- ""&TEXT(VALUE(REGEXEXTRACT(H35,""[0-9]*\.?[0-9]+$""))*100,""0.00"")"),"80.90 +/- 2.14") -> 80.90 +/- 2.14
A36: AR1→AR4 | B36: 0.7276 +/- 0.0158 | C36: 0.7524 +/- 0.0189 | D36: 0.6286 +/- 0.0238 | E36: 0.7541 +/- 0.0214 | F36: 0.7256 +/- 0.0133 | G36: 0.7231 +/- 0.0144 | H36: 0.7851 +/- 0.0178 | I36: =A36 -> AR1→AR4 | J36: =IFERROR(__xludf.DUMMYFUNCTION("TEXT(VALUE(REGEXEXTRACT(B36,""^[+-]?[0-9]*\.?[0-9]+""))*100,""0.00"")&"" +/- ""&TEXT(VALUE(REGEXEXTRACT(B36,""[0-9]*\.?[0-9]+$""))*100,""0.00"")"),"72.76 +/- 1.58") -> 72.76 +/- 1.58 | K36: =IFERROR(__xludf.DUMMYFUNCTION("TEXT(VALUE(REGEXEXTRACT(C36,""^[+-]?[0-9]*\.?[0-9]+""))*100,""0.00"")&"" +/- ""&TEXT(VALUE(REGEXEXTRACT(C36,""[0-9]*\.?[0-9]+$""))*100,""0.00"")"),"75.24 +/- 1.89") -> 75.24 +/- 1.89 | L36: =IFERROR(__xludf.DUMMYFUNCTION("TEXT(VALUE(REGEXEXTRACT(D36,""^[+-]?[0-9]*\.?[0-9]+""))*100,""0.00"")&"" +/- ""&TEXT(VALUE(REGEXEXTRACT(D36,""[0-9]*\.?[0-9]+$""))*100,""0.00"")"),"62.86 +/- 2.38") -> 62.86 +/- 2.38 | M36: =IFERROR(__xludf.DUMMYFUNCTION("TEXT(VALUE(REGEXEXTRACT(E36,""^[+-]?[0-9]*\.?[0-9]+""))*100,""0.00"")&"" +/- ""&TEXT(VALUE(REGEXEXTRACT(E36,""[0-9]*\.?[0-9]+$""))*100,""0.00"")"),"75.41 +/- 2.14") -> 75.41 +/- 2.14 | N36: =IFERROR(__xludf.DUMMYFUNCTION("TEXT(VALUE(REGEXEXTRACT(F36,""^[+-]?[0-9]*\.?[0-9]+""))*100,""0.00"")&"" +/- ""&TEXT(VALUE(REGEXEXTRACT(F36,""[0-9]*\.?[0-9]+$""))*100,""0.00"")"),"72.56 +/- 1.33") -> 72.56 +/- 1.33 | O36: =IFERROR(__xludf.DUMMYFUNCTION("TEXT(VALUE(REGEXEXTRACT(G36,""^[+-]?[0-9]*\.?[0-9]+""))*100,""0.00"")&"" +/- ""&TEXT(VALUE(REGEXEXTRACT(G36,""[0-9]*\.?[0-9]+$""))*100,""0.00"")"),"72.31 +/- 1.44") -> 72.31 +/- 1.44 | P36: =IFERROR(__xludf.DUMMYFUNCTION("TEXT(VALUE(REGEXEXTRACT(H36,""^[+-]?[0-9]*\.?[0-9]+""))*100,""0.00"")&"" +/- ""&TEXT(VALUE(REGEXEXTRACT(H36,""[0-9]*\.?[0-9]+$""))*100,""0.00"")"),"78.51 +/- 1.78") -> 78.51 +/- 1.78
A37: AR1→AR5 | B37: 0.8574 +/- 0.0127 | C37: 0.6580 +/- 0.0595 | D37: 0.7083 +/- 0.0520 | E37: 0.8723 +/- 0.0165 | F37: 0.8598 +/- 0.0128 | G37: 0.8600 +/- 0.0129 | H37: 0.7906 +/- 0.0640 | I37: =A37 -> AR1→AR5 | J37: =IFERROR(__xludf.DUMMYFUNCTION("TEXT(VALUE(REGEXEXTRACT(B37,""^[+-]?[0-9]*\.?[0-9]+""))*100,""0.00"")&"" +/- ""&TEXT(VALUE(REGEXEXTRACT(B37,""[0-9]*\.?[0-9]+$""))*100,""0.00"")"),"85.74 +/- 1.27") -> 85.74 +/- 1.27 | K37: =IFERROR(__xludf.DUMMYFUNCTION("TEXT(VALUE(REGEXEXTRACT(C37,""^[+-]?[0-9]*\.?[0-9]+""))*100,""0.00"")&"" +/- ""&TEXT(VALUE(REGEXEXTRACT(C37,""[0-9]*\.?[0-9]+$""))*100,""0.00"")"),"65.80 +/- 5.95") -> 65.80 +/- 5.95 | L37: =IFERROR(__xludf.DUMMYFUNCTION("TEXT(VALUE(REGEXEXTRACT(D37,""^[+-]?[0-9]*\.?[0-9]+""))*100,""0.00"")&"" +/- ""&TEXT(VALUE(REGEXEXTRACT(D37,""[0-9]*\.?[0-9]+$""))*100,""0.00"")"),"70.83 +/- 5.20") -> 70.83 +/- 5.20 | M37: =IFERROR(__xludf.DUMMYFUNCTION("TEXT(VALUE(REGEXEXTRACT(E37,""^[+-]?[0-9]*\.?[0-9]+""))*100,""0.00"")&"" +/- ""&TEXT(VALUE(REGEXEXTRACT(E37,""[0-9]*\.?[0-9]+$""))*100,""0.00"")"),"87.23 +/- 1.65") -> 87.23 +/- 1.65 | N37: =IFERROR(__xludf.DUMMYFUNCTION("TEXT(VALUE(REGEXEXTRACT(F37,""^[+-]?[0-9]*\.?[0-9]+""))*100,""0.00"")&"" +/- ""&TEXT(VALUE(REGEXEXTRACT(F37,""[0-9]*\.?[0-9]+$""))*100,""0.00"")"),"85.98 +/- 1.28") -> 85.98 +/- 1.28 | O37: =IFERROR(__xludf.DUMMYFUNCTION("TEXT(VALUE(REGEXEXTRACT(G37,""^[+-]?[0-9]*\.?[0-9]+""))*100,""0.00"")&"" +/- ""&TEXT(VALUE(REGEXEXTRACT(G37,""[0-9]*\.?[0-9]+$""))*100,""0.00"")"),"86.00 +/- 1.29") -> 86.00 +/- 1.29 | P37: =IFERROR(__xludf.DUMMYFUNCTION("TEXT(VALUE(REGEXEXTRACT(H37,""^[+-]?[0-9]*\.?[0-9]+""))*100,""0.00"")&"" +/- ""&TEXT(VALUE(REGEXEXTRACT(H37,""[0-9]*\.?[0-9]+$""))*100,""0.00"")"),"79.06 +/- 6.40") -> 79.06 +/- 6.40
A38: AR1→AR6 | B38: 0.5953 +/- 0.0150 | C38: 0.6628 +/- 0.0206 | D38: 0.5779 +/- 0.0227 | E38: 0.6295 +/- 0.0211 | F38: 0.5983 +/- 0.0177 | G38: 0.5902 +/- 0.0179 | H38: 0.6032 +/- 0.0237 | I38: =A38 -> AR1→AR6 | J38: =IFERROR(__xludf.DUMMYFUNCTION("TEXT(VALUE(REGEXEXTRACT(B38,""^[+-]?[0-9]*\.?[0-9]+""))*100,""0.00"")&"" +/- ""&TEXT(VALUE(REGEXEXTRACT(B38,""[0-9]*\.?[0-9]+$""))*100,""0.00"")"),"59.53 +/- 1.50") -> 59.53 +/- 1.50 | K38: =IFERROR(__xludf.DUMMYFUNCTION("TEXT(VALUE(REGEXEXTRACT(C38,""^[+-]?[0-9]*\.?[0-9]+""))*100,""0.00"")&"" +/- ""&TEXT(VALUE(REGEXEXTRACT(C38,""[0-9]*\.?[0-9]+$""))*100,""0.00"")"),"66.28 +/- 2.06") -> 66.28 +/- 2.06 | L38: =IFERROR(__xludf.DUMMYFUNCTION("TEXT(VALUE(REGEXEXTRACT(D38,""^[+-]?[0-9]*\.?[0-9]+""))*100,""0.00"")&"" +/- ""&TEXT(VALUE(REGEXEXTRACT(D38,""[0-9]*\.?[0-9]+$""))*100,""0.00"")"),"57.79 +/- 2.27") -> 57.79 +/- 2.27 | M38: =IFERROR(__xludf.DUMMYFUNCTION("TEXT(VALUE(REGEXEXTRACT(E38,""^[+-]?[0-9]*\.?[0-9]+""))*100,""0.00"")&"" +/- ""&TEXT(VALUE(REGEXEXTRACT(E38,""[0-9]*\.?[0-9]+$""))*100,""0.00"")"),"62.95 +/- 2.11") -> 62.95 +/- 2.11 | N38: =IFERROR(__xludf.DUMMYFUNCTION("TEXT(VALUE(REGEXEXTRACT(F38,""^[+-]?[0-9]*\.?[0-9]+""))*100,""0.00"")&"" +/- ""&TEXT(VALUE(REGEXEXTRACT(F38,""[0-9]*\.?[0-9]+$""))*100,""0.00"")"),"59.83 +/- 1.77") -> 59.83 +/- 1.77 | O38: =IFERROR(__xludf.DUMMYFUNCTION("TEXT(VALUE(REGEXEXTRACT(G38,""^[+-]?[0-9]*\.?[0-9]+""))*100,""0.00"")&"" +/- ""&TEXT(VALUE(REGEXEXTRACT(G38,""[0-9]*\.?[0-9]+$""))*100,""0.00"")"),"59.02 +/- 1.79") -> 59.02 +/- 1.79 | P38: =IFERROR(__xludf.DUMMYFUNCTION("TEXT(VALUE(REGEXEXTRACT(H38,""^[+-]?[0-9]*\.?[0-9]+""))*100,""0.00"")&"" +/- ""&TEXT(VALUE(REGEXEXTRACT(H38,""[0-9]*\.?[0-9]+$""))*100,""0.00"")"),"60.32 +/- 2.37") -> 60.32 +/- 2.37
A39: AR3→AR1 | B39: 0.6387 +/- 0.0252 | C39: 0.6090 +/- 0.0374 | D39: 0.5936 +/- 0.0414 | E39: 0.6519 +/- 0.0530 | F39: 0.6356 +/- 0.0231 | G39: 0.6341 +/- 0.0199 | H39: 0.5272 +/- 0.0413 | I39: =A39 -> AR3→AR1 | J39: =IFERROR(__xludf.DUMMYFUNCTION("TEXT(VALUE(REGEXEXTRACT(B39,""^[+-]?[0-9]*\.?[0-9]+""))*100,""0.00"")&"" +/- ""&TEXT(VALUE(REGEXEXTRACT(B39,""[0-9]*\.?[0-9]+$""))*100,""0.00"")"),"63.87 +/- 2.52") -> 63.87 +/- 2.52 | K39: =IFERROR(__xludf.DUMMYFUNCTION("TEXT(VALUE(REGEXEXTRACT(C39,""^[+-]?[0-9]*\.?[0-9]+""))*100,""0.00"")&"" +/- ""&TEXT(VALUE(REGEXEXTRACT(C39,""[0-9]*\.?[0-9]+$""))*100,""0.00"")"),"60.90 +/- 3.74") -> 60.90 +/- 3.74 | L39: =IFERROR(__xludf.DUMMYFUNCTION("TEXT(VALUE(REGEXEXTRACT(D39,""^[+-]?[0-9]*\.?[0-9]+""))*100,""0.00"")&"" +/- ""&TEXT(VALUE(REGEXEXTRACT(D39,""[0-9]*\.?[0-9]+$""))*100,""0.00"")"),"59.36 +/- 4.14") -> 59.36 +/- 4.14 | M39: =IFERROR(__xludf.DUMMYFUNCTION("TEXT(VALUE(REGEXEXTRACT(E39,""^[+-]?[0-9]*\.?[0-9]+""))*100,""0.00"")&"" +/- ""&TEXT(VALUE(REGEXEXTRACT(E39,""[0-9]*\.?[0-9]+$""))*100,""0.00"")"),"65.19 +/- 5.30") -> 65.19 +/- 5.30 | N39: =IFERROR(__xludf.DUMMYFUNCTION("TEXT(VALUE(REGEXEXTRACT(F39,""^[+-]?[0-9]*\.?[0-9]+""))*100,""0.00"")&"" +/- ""&TEXT(VALUE(REGEXEXTRACT(F39,""[0-9]*\.?[0-9]+$""))*100,""0.00"")"),"63.56 +/- 2.31") -> 63.56 +/- 2.31 | O39: =IFERROR(__xludf.DUMMYFUNCTION("TEXT(VALUE(REGEXEXTRACT(G39,""^[+-]?[0-9]*\.?[0-9]+""))*100,""0.00"")&"" +/- ""&TEXT(VALUE(REGEXEXTRACT(G39,""[0-9]*\.?[0-9]+$""))*100,""0.00"")"),"63.41 +/- 1.99") -> 63.41 +/- 1.99 | P39: =IFERROR(__xludf.DUMMYFUNCTION("TEXT(VALUE(REGEXEXTRACT(H39,""^[+-]?[0-9]*\.?[0-9]+""))*100,""0.00"")&"" +/- ""&TEXT(VALUE(REGEXEXTRACT(H39,""[0-9]*\.?[0-9]+$""))*100,""0.00"")"),"52.72 +/- 4.13") -> 52.72 +/- 4.13
A40: AR3→AR4 | B40: 0.7405 +/- 0.0265 | C40: 0.6463 +/- 0.0287 | D40: 0.6682 +/- 0.0286 | E40: 0.6351 +/- 0.0220 | F40: 0.7559 +/- 0.0234 | G40: 0.7444 +/- 0.0208 | H40: 0.6163 +/- 0.0166 | I40: =A40 -> AR3→AR4 | J40: =IFERROR(__xludf.DUMMYFUNCTION("TEXT(VALUE(REGEXEXTRACT(B40,""^[+-]?[0-9]*\.?[0-9]+""))*100,""0.00"")&"" +/- ""&TEXT(VALUE(REGEXEXTRACT(B40,""[0-9]*\.?[0-9]+$""))*100,""0.00"")"),"74.05 +/- 2.65") -> 74.05 +/- 2.65 | K40: =IFERROR(__xludf.DUMMYFUNCTION("TEXT(VALUE(REGEXEXTRACT(C40,""^[+-]?[0-9]*\.?[0-9]+""))*100,""0.00"")&"" +/- ""&TEXT(VALUE(REGEXEXTRACT(C40,""[0-9]*\.?[0-9]+$""))*100,""0.00"")"),"64.63 +/- 2.87") -> 64.63 +/- 2.87 | L40: =IFERROR(__xludf.DUMMYFUNCTION("TEXT(VALUE(REGEXEXTRACT(D40,""^[+-]?[0-9]*\.?[0-9]+""))*100,""0.00"")&"" +/- ""&TEXT(VALUE(REGEXEXTRACT(D40,""[0-9]*\.?[0-9]+$""))*100,""0.00"")"),"66.82 +/- 2.86") -> 66.82 +/- 2.86 | M40: =IFERROR(__xludf.DUMMYFUNCTION("TEXT(VALUE(REGEXEXTRACT(E40,""^[+-]?[0-9]*\.?[0-9]+""))*100,""0.00"")&"" +/- ""&TEXT(VALUE(REGEXEXTRACT(E40,""[0-9]*\.?[0-9]+$""))*100,""0.00"")"),"63.51 +/- 2.20") -> 63.51 +/- 2.20 | N40: =IFERROR(__xludf.DUMMYFUNCTION("TEXT(VALUE(REGEXEXTRACT(F40,""^[+-]?[0-9]*\.?[0-9]+""))*100,""0.00"")&"" +/- ""&TEXT(VALUE(REGEXEXTRACT(F40,""[0-9]*\.?[0-9]+$""))*100,""0.00"")"),"75.59 +/- 2.34") -> 75.59 +/- 2.34 | O40: =IFERROR(__xludf.DUMMYFUNCTION("TEXT(VALUE(REGEXEXTRACT(G40,""^[+-]?[0-9]*\.?[0-9]+""))*100,""0.00"")&"" +/- ""&TEXT(VALUE(REGEXEXTRACT(G40,""[0-9]*\.?[0-9]+$""))*100,""0.00"")"),"74.44 +/- 2.08") -> 74.44 +/- 2.08 | P40: =IFERROR(__xludf.DUMMYFUNCTION("TEXT(VALUE(REGEXEXTRACT(H40,""^[+-]?[0-9]*\.?[0-9]+""))*100,""0.00"")&"" +/- ""&TEXT(VALUE(REGEXEXTRACT(H40,""[0-9]*\.?[0-9]+$""))*100,""0.00"")"),"61.63 +/- 1.66") -> 61.63 +/- 1.66
A41: AR3→AR5 | B41: 0.9164 +/- 0.0253 | C41: 0.6583 +/- 0.0367 | D41: 0.7571 +/- 0.0427 | E41: 0.8436 +/- 0.0526 | F41: 0.9206 +/- 0.0237 | G41: 0.9251 +/- 0.0238 | H41: 0.7947 +/- 0.0389 | I41: =A41 -> AR3→AR5 | J41: =IFERROR(__xludf.DUMMYFUNCTION("TEXT(VALUE(REGEXEXTRACT(B41,""^[+-]?[0-9]*\.?[0-9]+""))*100,""0.00"")&"" +/- ""&TEXT(VALUE(REGEXEXTRACT(B41,""[0-9]*\.?[0-9]+$""))*100,""0.00"")"),"91.64 +/- 2.53") -> 91.64 +/- 2.53 | K41: =IFERROR(__xludf.DUMMYFUNCTION("TEXT(VALUE(REGEXEXTRACT(C41,""^[+-]?[0-9]*\.?[0-9]+""))*100,""0.00"")&"" +/- ""&TEXT(VALUE(REGEXEXTRACT(C41,""[0-9]*\.?[0-9]+$""))*100,""0.00"")"),"65.83 +/- 3.67") -> 65.83 +/- 3.67 | L41: =IFERROR(__xludf.DUMMYFUNCTION("TEXT(VALUE(REGEXEXTRACT(D41,""^[+-]?[0-9]*\.?[0-9]+""))*100,""0.00"")&"" +/- ""&TEXT(VALUE(REGEXEXTRACT(D41,""[0-9]*\.?[0-9]+$""))*100,""0.00"")"),"75.71 +/- 4.27") -> 75.71 +/- 4.27 | M41: =IFERROR(__xludf.DUMMYFUNCTION("TEXT(VALUE(REGEXEXTRACT(E41,""^[+-]?[0-9]*\.?[0-9]+""))*100,""0.00"")&"" +/- ""&TEXT(VALUE(REGEXEXTRACT(E41,""[0-9]*\.?[0-9]+$""))*100,""0.00"")"),"84.36 +/- 5.26") -> 84.36 +/- 5.26 | N41: =IFERROR(__xludf.DUMMYFUNCTION("TEXT(VALUE(REGEXEXTRACT(F41,""^[+-]?[0-9]*\.?[0-9]+""))*100,""0.00"")&"" +/- ""&TEXT(VALUE(REGEXEXTRACT(F41,""[0-9]*\.?[0-9]+$""))*100,""0.00"")"),"92.06 +/- 2.37") -> 92.06 +/- 2.37 | O41: =IFERROR(__xludf.DUMMYFUNCTION("TEXT(VALUE(REGEXEXTRACT(G41,""^[+-]?[0-9]*\.?[0-9]+""))*100,""0.00"")&"" +/- ""&TEXT(VALUE(REGEXEXTRACT(G41,""[0-9]*\.?[0-9]+$""))*100,""0.00"")"),"92.51 +/- 2.38") -> 92.51 +/- 2.38 | P41: =IFERROR(__xludf.DUMMYFUNCTION("TEXT(VALUE(REGEXEXTRACT(H41,""^[+-]?[0-9]*\.?[0-9]+""))*100,""0.00"")&"" +/- ""&TEXT(VALUE(REGEXEXTRACT(H41,""[0-9]*\.?[0-9]+$""))*100,""0.00"")"),"79.47 +/- 3.89") -> 79.47 +/- 3.89
A42: AR3→AR6 | B42: 0.5720 +/- 0.0494 | C42: 0.5836 +/- 0.0164 | D42: 0.5806 +/- 0.0392 | E42: 0.5727 +/- 0.0348 | F42: 0.5537 +/- 0.0579 | G42: 0.5683 +/- 0.0401 | H42: 0.5531 +/- 0.0388 | I42: =A42 -> AR3→AR6 | J42: =IFERROR(__xludf.DUMMYFUNCTION("TEXT(VALUE(REGEXEXTRACT(B42,""^[+-]?[0-9]*\.?[0-9]+""))*100,""0.00"")&"" +/- ""&TEXT(VALUE(REGEXEXTRACT(B42,""[0-9]*\.?[0-9]+$""))*100,""0.00"")"),"57.20 +/- 4.94") -> 57.20 +/- 4.94 | K42: =IFERROR(__xludf.DUMMYFUNCTION("TEXT(VALUE(REGEXEXTRACT(C42,""^[+-]?[0-9]*\.?[0-9]+""))*100,""0.00"")&"" +/- ""&TEXT(VALUE(REGEXEXTRACT(C42,""[0-9]*\.?[0-9]+$""))*100,""0.00"")"),"58.36 +/- 1.64") -> 58.36 +/- 1.64 | L42: =IFERROR(__xludf.DUMMYFUNCTION("TEXT(VALUE(REGEXEXTRACT(D42,""^[+-]?[0-9]*\.?[0-9]+""))*100,""0.00"")&"" +/- ""&TEXT(VALUE(REGEXEXTRACT(D42,""[0-9]*\.?[0-9]+$""))*100,""0.00"")"),"58.06 +/- 3.92") -> 58.06 +/- 3.92 | M42: =IFERROR(__xludf.DUMMYFUNCTION("TEXT(VALUE(REGEXEXTRACT(E42,""^[+-]?[0-9]*\.?[0-9]+""))*100,""0.00"")&"" +/- ""&TEXT(VALUE(REGEXEXTRACT(E42,""[0-9]*\.?[0-9]+$""))*100,""0.00"")"),"57.27 +/- 3.48") -> 57.27 +/- 3.48 | N42: =IFERROR(__xludf.DUMMYFUNCTION("TEXT(VALUE(REGEXEXTRACT(F42,""^[+-]?[0-9]*\.?[0-9]+""))*100,""0.00"")&"" +/- ""&TEXT(VALUE(REGEXEXTRACT(F42,""[0-9]*\.?[0-9]+$""))*100,""0.00"")"),"55.37 +/- 5.79") -> 55.37 +/- 5.79 | O42: =IFERROR(__xludf.DUMMYFUNCTION("TEXT(VALUE(REGEXEXTRACT(G42,""^[+-]?[0-9]*\.?[0-9]+""))*100,""0.00"")&"" +/- ""&TEXT(VALUE(REGEXEXTRACT(G42,""[0-9]*\.?[0-9]+$""))*100,""0.00"")"),"56.83 +/- 4.01") -> 56.83 +/- 4.01 | P42: =IFERROR(__xludf.DUMMYFUNCTION("TEXT(VALUE(REGEXEXTRACT(H42,""^[+-]?[0-9]*\.?[0-9]+""))*100,""0.00"")&"" +/- ""&TEXT(VALUE(REGEXEXTRACT(H42,""[0-9]*\.?[0-9]+$""))*100,""0.00"")"),"55.31 +/- 3.88") -> 55.31 +/- 3.88
A43: AR4→AR1 | B43: 0.6800 +/- 0.0195 | C43: 0.7355 +/- 0.0219 | D43: 0.6221 +/- 0.0259 | E43: 0.6910 +/- 0.0283 | F43: 0.6993 +/- 0.0163 | G43: 0.7010 +/- 0.0142 | H43: 0.6176 +/- 0.0449 | I43: =A43 -> AR4→AR1 | J43: =IFERROR(__xludf.DUMMYFUNCTION("TEXT(VALUE(REGEXEXTRACT(B43,""^[+-]?[0-9]*\.?[0-9]+""))*100,""0.00"")&"" +/- ""&TEXT(VALUE(REGEXEXTRACT(B43,""[0-9]*\.?[0-9]+$""))*100,""0.00"")"),"68.00 +/- 1.95") -> 68.00 +/- 1.95 | K43: =IFERROR(__xludf.DUMMYFUNCTION("TEXT(VALUE(REGEXEXTRACT(C43,""^[+-]?[0-9]*\.?[0-9]+""))*100,""0.00"")&"" +/- ""&TEXT(VALUE(REGEXEXTRACT(C43,""[0-9]*\.?[0-9]+$""))*100,""0.00"")"),"73.55 +/- 2.19") -> 73.55 +/- 2.19 | L43: =IFERROR(__xludf.DUMMYFUNCTION("TEXT(VALUE(REGEXEXTRACT(D43,""^[+-]?[0-9]*\.?[0-9]+""))*100,""0.00"")&"" +/- ""&TEXT(VALUE(REGEXEXTRACT(D43,""[0-9]*\.?[0-9]+$""))*100,""0.00"")"),"62.21 +/- 2.59") -> 62.21 +/- 2.59 | M43: =IFERROR(__xludf.DUMMYFUNCTION("TEXT(VALUE(REGEXEXTRACT(E43,""^[+-]?[0-9]*\.?[0-9]+""))*100,""0.00"")&"" +/- ""&TEXT(VALUE(REGEXEXTRACT(E43,""[0-9]*\.?[0-9]+$""))*100,""0.00"")"),"69.10 +/- 2.83") -> 69.10 +/- 2.83 | N43: =IFERROR(__xludf.DUMMYFUNCTION("TEXT(VALUE(REGEXEXTRACT(F43,""^[+-]?[0-9]*\.?[0-9]+""))*100,""0.00"")&"" +/- ""&TEXT(VALUE(REGEXEXTRACT(F43,""[0-9]*\.?[0-9]+$""))*100,""0.00"")"),"69.93 +/- 1.63") -> 69.93 +/- 1.63 | O43: =IFERROR(__xludf.DUMMYFUNCTION("TEXT(VALUE(REGEXEXTRACT(G43,""^[+-]?[0-9]*\.?[0-9]+""))*100,""0.00"")&"" +/- ""&TEXT(VALUE(REGEXEXTRACT(G43,""[0-9]*\.?[0-9]+$""))*100,""0.00"")"),"70.10 +/- 1.42") -> 70.10 +/- 1.42 | P43: =IFERROR(__xludf.DUMMYFUNCTION("TEXT(VALUE(REGEXEXTRACT(H43,""^[+-]?[0-9]*\.?[0-9]+""))*100,""0.00"")&"" +/- ""&TEXT(VALUE(REGEXEXTRACT(H43,""[0-9]*\.?[0-9]+$""))*100,""0.00"")"),"61.76 +/- 4.49") -> 61.76 +/- 4.49
A44: AR4→AR3 | B44: 0.8032 +/- 0.0224 | C44: 0.8396 +/- 0.0125 | D44: 0.7678 +/- 0.0243 | E44: 0.8124 +/- 0.0231 | F44: 0.7455 +/- 0.0241 | G44: 0.7732 +/- 0.0231 | H44: 0.7607 +/- 0.0408 | I44: =A44 -> AR4→AR3 | J44: =IFERROR(__xludf.DUMMYFUNCTION("TEXT(VALUE(REGEXEXTRACT(B44,""^[+-]?[0-9]*\.?[0-9]+""))*100,""0.00"")&"" +/- ""&TEXT(VALUE(REGEXEXTRACT(B44,""[0-9]*\.?[0-9]+$""))*100,""0.00"")"),"80.32 +/- 2.24") -> 80.32 +/- 2.24 | K44: =IFERROR(__xludf.DUMMYFUNCTION("TEXT(VALUE(REGEXEXTRACT(C44,""^[+-]?[0-9]*\.?[0-9]+""))*100,""0.00"")&"" +/- ""&TEXT(VALUE(REGEXEXTRACT(C44,""[0-9]*\.?[0-9]+$""))*100,""0.00"")"),"83.96 +/- 1.25") -> 83.96 +/- 1.25 | L44: =IFERROR(__xludf.DUMMYFUNCTION("TEXT(VALUE(REGEXEXTRACT(D44,""^[+-]?[0-9]*\.?[0-9]+""))*100,""0.00"")&"" +/- ""&TEXT(VALUE(REGEXEXTRACT(D44,""[0-9]*\.?[0-9]+$""))*100,""0.00"")"),"76.78 +/- 2.43") -> 76.78 +/- 2.43 | M44: =IFERROR(__xludf.DUMMYFUNCTION("TEXT(VALUE(REGEXEXTRACT(E44,""^[+-]?[0-9]*\.?[0-9]+""))*100,""0.00"")&"" +/- ""&TEXT(VALUE(REGEXEXTRACT(E44,""[0-9]*\.?[0-9]+$""))*100,""0.00"")"),"81.24 +/- 2.31") -> 81.24 +/- 2.31 | N44: =IFERROR(__xludf.DUMMYFUNCTION("TEXT(VALUE(REGEXEXTRACT(F44,""^[+-]?[0-9]*\.?[0-9]+""))*100,""0.00"")&"" +/- ""&TEXT(VALUE(REGEXEXTRACT(F44,""[0-9]*\.?[0-9]+$""))*100,""0.00"")"),"74.55 +/- 2.41") -> 74.55 +/- 2.41 | O44: =IFERROR(__xludf.DUMMYFUNCTION("TEXT(VALUE(REGEXEXTRACT(G44,""^[+-]?[0-9]*\.?[0-9]+""))*100,""0.00"")&"" +/- ""&TEXT(VALUE(REGEXEXTRACT(G44,""[0-9]*\.?[0-9]+$""))*100,""0.00"")"),"77.32 +/- 2.31") -> 77.32 +/- 2.31 | P44: =IFERROR(__xludf.DUMMYFUNCTION("TEXT(VALUE(REGEXEXTRACT(H44,""^[+-]?[0-9]*\.?[0-9]+""))*100,""0.00"")&"" +/- ""&TEXT(VALUE(REGEXEXTRACT(H44,""[0-9]*\.?[0-9]+$""))*100,""0.00"")"),"76.07 +/- 4.08") -> 76.07 +/- 4.08
A45: AR4→AR5 | B45: 0.9484 +/- 0.0070 | C45: 0.9056 +/- 0.0148 | D45: 0.7995 +/- 0.0317 | E45: 0.9443 +/- 0.0209 | F45: 0.9319 +/- 0.0135 | G45: 0.9401 +/- 0.0162 | H45: 0.8484 +/- 0.0645 | I45: =A45 -> AR4→AR5 | J45: =IFERROR(__xludf.DUMMYFUNCTION("TEXT(VALUE(REGEXEXTRACT(B45,""^[+-]?[0-9]*\.?[0-9]+""))*100,""0.00"")&"" +/- ""&TEXT(VALUE(REGEXEXTRACT(B45,""[0-9]*\.?[0-9]+$""))*100,""0.00"")"),"94.84 +/- 0.70") -> 94.84 +/- 0.70 | K45: =IFERROR(__xludf.DUMMYFUNCTION("TEXT(VALUE(REGEXEXTRACT(C45,""^[+-]?[0-9]*\.?[0-9]+""))*100,""0.00"")&"" +/- ""&TEXT(VALUE(REGEXEXTRACT(C45,""[0-9]*\.?[0-9]+$""))*100,""0.00"")"),"90.56 +/- 1.48") -> 90.56 +/- 1.48 | L45: =IFERROR(__xludf.DUMMYFUNCTION("TEXT(VALUE(REGEXEXTRACT(D45,""^[+-]?[0-9]*\.?[0-9]+""))*100,""0.00"")&"" +/- ""&TEXT(VALUE(REGEXEXTRACT(D45,""[0-9]*\.?[0-9]+$""))*100,""0.00"")"),"79.95 +/- 3.17") -> 79.95 +/- 3.17 | M45: =IFERROR(__xludf.DUMMYFUNCTION("TEXT(VALUE(REGEXEXTRACT(E45,""^[+-]?[0-9]*\.?[0-9]+""))*100,""0.00"")&"" +/- ""&TEXT(VALUE(REGEXEXTRACT(E45,""[0-9]*\.?[0-9]+$""))*100,""0.00"")"),"94.43 +/- 2.09") -> 94.43 +/- 2.09 | N45: =IFERROR(__xludf.DUMMYFUNCTION("TEXT(VALUE(REGEXEXTRACT(F45,""^[+-]?[0-9]*\.?[0-9]+""))*100,""0.00"")&"" +/- ""&TEXT(VALUE(REGEXEXTRACT(F45,""[0-9]*\.?[0-9]+$""))*100,""0.00"")"),"93.19 +/- 1.35") -> 93.19 +/- 1.35 | O45: =IFERROR(__xludf.DUMMYFUNCTION("TEXT(VALUE(REGEXEXTRACT(G45,""^[+-]?[0-9]*\.?[0-9]+""))*100,""0.00"")&"" +/- ""&TEXT(VALUE(REGEXEXTRACT(G45,""[0-9]*\.?[0-9]+$""))*100,""0.00"")"),"94.01 +/- 1.62") -> 94.01 +/- 1.62 | P45: =IFERROR(__xludf.DUMMYFUNCTION("TEXT(VALUE(REGEXEXTRACT(H45,""^[+-]?[0-9]*\.?[0-9]+""))*100,""0.00"")&"" +/- ""&TEXT(VALUE(REGEXEXTRACT(H45,""[0-9]*\.?[0-9]+$""))*100,""0.00"")"),"84.84 +/- 6.45") -> 84.84 +/- 6.45
A46: AR4→AR6 | B46: 0.6579 +/- 0.0130 | C46: 0.6860 +/- 0.0153 | D46: 0.6068 +/- 0.0184 | E46: 0.6624 +/- 0.0132 | F46: 0.6550 +/- 0.0128 | G46: 0.6548 +/- 0.0147 | H46: 0.6617 +/- 0.0213 | I46: =A46 -> AR4→AR6 | J46: =IFERROR(__xludf.DUMMYFUNCTION("TEXT(VALUE(REGEXEXTRACT(B46,""^[+-]?[0-9]*\.?[0-9]+""))*100,""0.00"")&"" +/- ""&TEXT(VALUE(REGEXEXTRACT(B46,""[0-9]*\.?[0-9]+$""))*100,""0.00"")"),"65.79 +/- 1.30") -> 65.79 +/- 1.30 | K46: =IFERROR(__xludf.DUMMYFUNCTION("TEXT(VALUE(REGEXEXTRACT(C46,""^[+-]?[0-9]*\.?[0-9]+""))*100,""0.00"")&"" +/- ""&TEXT(VALUE(REGEXEXTRACT(C46,""[0-9]*\.?[0-9]+$""))*100,""0.00"")"),"68.60 +/- 1.53") -> 68.60 +/- 1.53 | L46: =IFERROR(__xludf.DUMMYFUNCTION("TEXT(VALUE(REGEXEXTRACT(D46,""^[+-]?[0-9]*\.?[0-9]+""))*100,""0.00"")&"" +/- ""&TEXT(VALUE(REGEXEXTRACT(D46,""[0-9]*\.?[0-9]+$""))*100,""0.00"")"),"60.68 +/- 1.84") -> 60.68 +/- 1.84 | M46: =IFERROR(__xludf.DUMMYFUNCTION("TEXT(VALUE(REGEXEXTRACT(E46,""^[+-]?[0-9]*\.?[0-9]+""))*100,""0.00"")&"" +/- ""&TEXT(VALUE(REGEXEXTRACT(E46,""[0-9]*\.?[0-9]+$""))*100,""0.00"")"),"66.24 +/- 1.32") -> 66.24 +/- 1.32 | N46: =IFERROR(__xludf.DUMMYFUNCTION("TEXT(VALUE(REGEXEXTRACT(F46,""^[+-]?[0-9]*\.?[0-9]+""))*100,""0.00"")&"" +/- ""&TEXT(VALUE(REGEXEXTRACT(F46,""[0-9]*\.?[0-9]+$""))*100,""0.00"")"),"65.50 +/- 1.28") -> 65.50 +/- 1.28 | O46: =IFERROR(__xludf.DUMMYFUNCTION("TEXT(VALUE(REGEXEXTRACT(G46,""^[+-]?[0-9]*\.?[0-9]+""))*100,""0.00"")&"" +/- ""&TEXT(VALUE(REGEXEXTRACT(G46,""[0-9]*\.?[0-9]+$""))*100,""0.00"")"),"65.48 +/- 1.47") -> 65.48 +/- 1.47 | P46: =IFERROR(__xludf.DUMMYFUNCTION("TEXT(VALUE(REGEXEXTRACT(H46,""^[+-]?[0-9]*\.?[0-9]+""))*100,""0.00"")&"" +/- ""&TEXT(VALUE(REGEXEXTRACT(H46,""[0-9]*\.?[0-9]+$""))*100,""0.00"")"),"66.17 +/- 2.13") -> 66.17 +/- 2.13
A47: AR5→AR1 | B47: 0.7334 +/- 0.0147 | C47: 0.7395 +/- 0.0117 | D47: 0.6701 +/- 0.0396 | E47: 0.7402 +/- 0.0163 | F47: 0.7293 +/- 0.0132 | G47: 0.7310 +/- 0.0145 | H47: 0.7122 +/- 0.0312 | I47: =A47 -> AR5→AR1 | J47: =IFERROR(__xludf.DUMMYFUNCTION("TEXT(VALUE(REGEXEXTRACT(B47,""^[+-]?[0-9]*\.?[0-9]+""))*100,""0.00"")&"" +/- ""&TEXT(VALUE(REGEXEXTRACT(B47,""[0-9]*\.?[0-9]+$""))*100,""0.00"")"),"73.34 +/- 1.47") -> 73.34 +/- 1.47 | K47: =IFERROR(__xludf.DUMMYFUNCTION("TEXT(VALUE(REGEXEXTRACT(C47,""^[+-]?[0-9]*\.?[0-9]+""))*100,""0.00"")&"" +/- ""&TEXT(VALUE(REGEXEXTRACT(C47,""[0-9]*\.?[0-9]+$""))*100,""0.00"")"),"73.95 +/- 1.17") -> 73.95 +/- 1.17 | L47: =IFERROR(__xludf.DUMMYFUNCTION("TEXT(VALUE(REGEXEXTRACT(D47,""^[+-]?[0-9]*\.?[0-9]+""))*100,""0.00"")&"" +/- ""&TEXT(VALUE(REGEXEXTRACT(D47,""[0-9]*\.?[0-9]+$""))*100,""0.00"")"),"67.01 +/- 3.96") -> 67.01 +/- 3.96 | M47: =IFERROR(__xludf.DUMMYFUNCTION("TEXT(VALUE(REGEXEXTRACT(E47,""^[+-]?[0-9]*\.?[0-9]+""))*100,""0.00"")&"" +/- ""&TEXT(VALUE(REGEXEXTRACT(E47,""[0-9]*\.?[0-9]+$""))*100,""0.00"")"),"74.02 +/- 1.63") -> 74.02 +/- 1.63 | N47: =IFERROR(__xludf.DUMMYFUNCTION("TEXT(VALUE(REGEXEXTRACT(F47,""^[+-]?[0-9]*\.?[0-9]+""))*100,""0.00"")&"" +/- ""&TEXT(VALUE(REGEXEXTRACT(F47,""[0-9]*\.?[0-9]+$""))*100,""0.00"")"),"72.93 +/- 1.32") -> 72.93 +/- 1.32 | O47: =IFERROR(__xludf.DUMMYFUNCTION("TEXT(VALUE(REGEXEXTRACT(G47,""^[+-]?[0-9]*\.?[0-9]+""))*100,""0.00"")&"" +/- ""&TEXT(VALUE(REGEXEXTRACT(G47,""[0-9]*\.?[0-9]+$""))*100,""0.00"")"),"73.10 +/- 1.45") -> 73.10 +/- 1.45 | P47: =IFERROR(__xludf.DUMMYFUNCTION("TEXT(VALUE(REGEXEXTRACT(H47,""^[+-]?[0-9]*\.?[0-9]+""))*100,""0.00"")&"" +/- ""&TEXT(VALUE(REGEXEXTRACT(H47,""[0-9]*\.?[0-9]+$""))*100,""0.00"")"),"71.22 +/- 3.12") -> 71.22 +/- 3.12
A48: AR5→AR3 | B48: 0.8334 +/- 0.0149 | C48: 0.8508 +/- 0.0069 | D48: 0.7481 +/- 0.0249 | E48: 0.8404 +/- 0.0120 | F48: 0.8228 +/- 0.0170 | G48: 0.8307 +/- 0.0135 | H48: 0.8234 +/- 0.0152 | I48: =A48 -> AR5→AR3 | J48: =IFERROR(__xludf.DUMMYFUNCTION("TEXT(VALUE(REGEXEXTRACT(B48,""^[+-]?[0-9]*\.?[0-9]+""))*100,""0.00"")&"" +/- ""&TEXT(VALUE(REGEXEXTRACT(B48,""[0-9]*\.?[0-9]+$""))*100,""0.00"")"),"83.34 +/- 1.49") -> 83.34 +/- 1.49 | K48: =IFERROR(__xludf.DUMMYFUNCTION("TEXT(VALUE(REGEXEXTRACT(C48,""^[+-]?[0-9]*\.?[0-9]+""))*100,""0.00"")&"" +/- ""&TEXT(VALUE(REGEXEXTRACT(C48,""[0-9]*\.?[0-9]+$""))*100,""0.00"")"),"85.08 +/- 0.69") -> 85.08 +/- 0.69 | L48: =IFERROR(__xludf.DUMMYFUNCTION("TEXT(VALUE(REGEXEXTRACT(D48,""^[+-]?[0-9]*\.?[0-9]+""))*100,""0.00"")&"" +/- ""&TEXT(VALUE(REGEXEXTRACT(D48,""[0-9]*\.?[0-9]+$""))*100,""0.00"")"),"74.81 +/- 2.49") -> 74.81 +/- 2.49 | M48: =IFERROR(__xludf.DUMMYFUNCTION("TEXT(VALUE(REGEXEXTRACT(E48,""^[+-]?[0-9]*\.?[0-9]+""))*100,""0.00"")&"" +/- ""&TEXT(VALUE(REGEXEXTRACT(E48,""[0-9]*\.?[0-9]+$""))*100,""0.00"")"),"84.04 +/- 1.20") -> 84.04 +/- 1.20 | N48: =IFERROR(__xludf.DUMMYFUNCTION("TEXT(VALUE(REGEXEXTRACT(F48,""^[+-]?[0-9]*\.?[0-9]+""))*100,""0.00"")&"" +/- ""&TEXT(VALUE(REGEXEXTRACT(F48,""[0-9]*\.?[0-9]+$""))*100,""0.00"")"),"82.28 +/- 1.70") -> 82.28 +/- 1.70 | O48: =IFERROR(__xludf.DUMMYFUNCTION("TEXT(VALUE(REGEXEXTRACT(G48,""^[+-]?[0-9]*\.?[0-9]+""))*100,""0.00"")&"" +/- ""&TEXT(VALUE(REGEXEXTRACT(G48,""[0-9]*\.?[0-9]+$""))*100,""0.00"")"),"83.07 +/- 1.35") -> 83.07 +/- 1.35 | P48: =IFERROR(__xludf.DUMMYFUNCTION("TEXT(VALUE(REGEXEXTRACT(H48,""^[+-]?[0-9]*\.?[0-9]+""))*100,""0.00"")&"" +/- ""&TEXT(VALUE(REGEXEXTRACT(H48,""[0-9]*\.?[0-9]+$""))*100,""0.00"")"),"82.34 +/- 1.52") -> 82.34 +/- 1.52
A49: AR5→AR4 | B49: 0.8360 +/- 0.0148 | C49: 0.8239 +/- 0.0102 | D49: 0.7508 +/- 0.0225 | E49: 0.8371 +/- 0.0151 | F49: 0.8350 +/- 0.0112 | G49: 0.8355 +/- 0.0106 | H49: 0.8187 +/- 0.0200 | I49: =A49 -> AR5→AR4 | J49: =IFERROR(__xludf.DUMMYFUNCTION("TEXT(VALUE(REGEXEXTRACT(B49,""^[+-]?[0-9]*\.?[0-9]+""))*100,""0.00"")&"" +/- ""&TEXT(VALUE(REGEXEXTRACT(B49,""[0-9]*\.?[0-9]+$""))*100,""0.00"")"),"83.60 +/- 1.48") -> 83.60 +/- 1.48 | K49: =IFERROR(__xludf.DUMMYFUNCTION("TEXT(VALUE(REGEXEXTRACT(C49,""^[+-]?[0-9]*\.?[0-9]+""))*100,""0.00"")&"" +/- ""&TEXT(VALUE(REGEXEXTRACT(C49,""[0-9]*\.?[0-9]+$""))*100,""0.00"")"),"82.39 +/- 1.02") -> 82.39 +/- 1.02 | L49: =IFERROR(__xludf.DUMMYFUNCTION("TEXT(VALUE(REGEXEXTRACT(D49,""^[+-]?[0-9]*\.?[0-9]+""))*100,""0.00"")&"" +/- ""&TEXT(VALUE(REGEXEXTRACT(D49,""[0-9]*\.?[0-9]+$""))*100,""0.00"")"),"75.08 +/- 2.25") -> 75.08 +/- 2.25 | M49: =IFERROR(__xludf.DUMMYFUNCTION("TEXT(VALUE(REGEXEXTRACT(E49,""^[+-]?[0-9]*\.?[0-9]+""))*100,""0.00"")&"" +/- ""&TEXT(VALUE(REGEXEXTRACT(E49,""[0-9]*\.?[0-9]+$""))*100,""0.00"")"),"83.71 +/- 1.51") -> 83.71 +/- 1.51 | N49: =IFERROR(__xludf.DUMMYFUNCTION("TEXT(VALUE(REGEXEXTRACT(F49,""^[+-]?[0-9]*\.?[0-9]+""))*100,""0.00"")&"" +/- ""&TEXT(VALUE(REGEXEXTRACT(F49,""[0-9]*\.?[0-9]+$""))*100,""0.00"")"),"83.50 +/- 1.12") -> 83.50 +/- 1.12 | O49: =IFERROR(__xludf.DUMMYFUNCTION("TEXT(VALUE(REGEXEXTRACT(G49,""^[+-]?[0-9]*\.?[0-9]+""))*100,""0.00"")&"" +/- ""&TEXT(VALUE(REGEXEXTRACT(G49,""[0-9]*\.?[0-9]+$""))*100,""0.00"")"),"83.55 +/- 1.06") -> 83.55 +/- 1.06 | P49: =IFERROR(__xludf.DUMMYFUNCTION("TEXT(VALUE(REGEXEXTRACT(H49,""^[+-]?[0-9]*\.?[0-9]+""))*100,""0.00"")&"" +/- ""&TEXT(VALUE(REGEXEXTRACT(H49,""[0-9]*\.?[0-9]+$""))*100,""0.00"")"),"81.87 +/- 2.00") -> 81.87 +/- 2.00
A50: AR5→AR6 | B50: 0.6733 +/- 0.0210 | C50: 0.6411 +/- 0.0218 | D50: 0.5926 +/- 0.0460 | E50: 0.6679 +/- 0.0285 | F50: 0.6705 +/- 0.0179 | G50: 0.6726 +/- 0.0168 | H50: 0.6674 +/- 0.0237 | I50: =A50 -> AR5→AR6 | J50: =IFERROR(__xludf.DUMMYFUNCTION("TEXT(VALUE(REGEXEXTRACT(B50,""^[+-]?[0-9]*\.?[0-9]+""))*100,""0.00"")&"" +/- ""&TEXT(VALUE(REGEXEXTRACT(B50,""[0-9]*\.?[0-9]+$""))*100,""0.00"")"),"67.33 +/- 2.10") -> 67.33 +/- 2.10 | K50: =IFERROR(__xludf.DUMMYFUNCTION("TEXT(VALUE(REGEXEXTRACT(C50,""^[+-]?[0-9]*\.?[0-9]+""))*100,""0.00"")&"" +/- ""&TEXT(VALUE(REGEXEXTRACT(C50,""[0-9]*\.?[0-9]+$""))*100,""0.00"")"),"64.11 +/- 2.18") -> 64.11 +/- 2.18 | L50: =IFERROR(__xludf.DUMMYFUNCTION("TEXT(VALUE(REGEXEXTRACT(D50,""^[+-]?[0-9]*\.?[0-9]+""))*100,""0.00"")&"" +/- ""&TEXT(VALUE(REGEXEXTRACT(D50,""[0-9]*\.?[0-9]+$""))*100,""0.00"")"),"59.26 +/- 4.60") -> 59.26 +/- 4.60 | M50: =IFERROR(__xludf.DUMMYFUNCTION("TEXT(VALUE(REGEXEXTRACT(E50,""^[+-]?[0-9]*\.?[0-9]+""))*100,""0.00"")&"" +/- ""&TEXT(VALUE(REGEXEXTRACT(E50,""[0-9]*\.?[0-9]+$""))*100,""0.00"")"),"66.79 +/- 2.85") -> 66.79 +/- 2.85 | N50: =IFERROR(__xludf.DUMMYFUNCTION("TEXT(VALUE(REGEXEXTRACT(F50,""^[+-]?[0-9]*\.?[0-9]+""))*100,""0.00"")&"" +/- ""&TEXT(VALUE(REGEXEXTRACT(F50,""[0-9]*\.?[0-9]+$""))*100,""0.00"")"),"67.05 +/- 1.79") -> 67.05 +/- 1.79 | O50: =IFERROR(__xludf.DUMMYFUNCTION("TEXT(VALUE(REGEXEXTRACT(G50,""^[+-]?[0-9]*\.?[0-9]+""))*100,""0.00"")&"" +/- ""&TEXT(VALUE(REGEXEXTRACT(G50,""[0-9]*\.?[0-9]+$""))*100,""0.00"")"),"67.26 +/- 1.68") -> 67.26 +/- 1.68 | P50: =IFERROR(__xludf.DUMMYFUNCTION("TEXT(VALUE(REGEXEXTRACT(H50,""^[+-]?[0-9]*\.?[0-9]+""))*100,""0.00"")&"" +/- ""&TEXT(VALUE(REGEXEXTRACT(H50,""[0-9]*\.?[0-9]+$""))*100,""0.00"")"),"66.74 +/- 2.37") -> 66.74 +/- 2.37
A51: AR6→AR1 | B51: 0.6682 +/- 0.0352 | C51: 0.7244 +/- 0.0381 | D51: 0.5989 +/- 0.0531 | E51: 0.6536 +/- 0.0400 | F51: 0.6588 +/- 0.0383 | G51: 0.6852 +/- 0.0392 | H51: 0.6104 +/- 0.0457 | I51: =A51 -> AR6→AR1 | J51: =IFERROR(__xludf.DUMMYFUNCTION("TEXT(VALUE(REGEXEXTRACT(B51,""^[+-]?[0-9]*\.?[0-9]+""))*100,""0.00"")&"" +/- ""&TEXT(VALUE(REGEXEXTRACT(B51,""[0-9]*\.?[0-9]+$""))*100,""0.00"")"),"66.82 +/- 3.52") -> 66.82 +/- 3.52 | K51: =IFERROR(__xludf.DUMMYFUNCTION("TEXT(VALUE(REGEXEXTRACT(C51,""^[+-]?[0-9]*\.?[0-9]+""))*100,""0.00"")&"" +/- ""&TEXT(VALUE(REGEXEXTRACT(C51,""[0-9]*\.?[0-9]+$""))*100,""0.00"")"),"72.44 +/- 3.81") -> 72.44 +/- 3.81 | L51: =IFERROR(__xludf.DUMMYFUNCTION("TEXT(VALUE(REGEXEXTRACT(D51,""^[+-]?[0-9]*\.?[0-9]+""))*100,""0.00"")&"" +/- ""&TEXT(VALUE(REGEXEXTRACT(D51,""[0-9]*\.?[0-9]+$""))*100,""0.00"")"),"59.89 +/- 5.31") -> 59.89 +/- 5.31 | M51: =IFERROR(__xludf.DUMMYFUNCTION("TEXT(VALUE(REGEXEXTRACT(E51,""^[+-]?[0-9]*\.?[0-9]+""))*100,""0.00"")&"" +/- ""&TEXT(VALUE(REGEXEXTRACT(E51,""[0-9]*\.?[0-9]+$""))*100,""0.00"")"),"65.36 +/- 4.00") -> 65.36 +/- 4.00 | N51: =IFERROR(__xludf.DUMMYFUNCTION("TEXT(VALUE(REGEXEXTRACT(F51,""^[+-]?[0-9]*\.?[0-9]+""))*100,""0.00"")&"" +/- ""&TEXT(VALUE(REGEXEXTRACT(F51,""[0-9]*\.?[0-9]+$""))*100,""0.00"")"),"65.88 +/- 3.83") -> 65.88 +/- 3.83 | O51: =IFERROR(__xludf.DUMMYFUNCTION("TEXT(VALUE(REGEXEXTRACT(G51,""^[+-]?[0-9]*\.?[0-9]+""))*100,""0.00"")&"" +/- ""&TEXT(VALUE(REGEXEXTRACT(G51,""[0-9]*\.?[0-9]+$""))*100,""0.00"")"),"68.52 +/- 3.92") -> 68.52 +/- 3.92 | P51: =IFERROR(__xludf.DUMMYFUNCTION("TEXT(VALUE(REGEXEXTRACT(H51,""^[+-]?[0-9]*\.?[0-9]+""))*100,""0.00"")&"" +/- ""&TEXT(VALUE(REGEXEXTRACT(H51,""[0-9]*\.?[0-9]+$""))*100,""0.00"")"),"61.04 +/- 4.57") -> 61.04 +/- 4.57
A52: AR6→AR3 | B52: 0.7309 +/- 0.0240 | C52: 0.8552 +/- 0.0190 | D52: 0.7508 +/- 0.0278 | E52: 0.7525 +/- 0.0252 | F52: 0.7080 +/- 0.0290 | G52: 0.7166 +/- 0.0222 | H52: 0.8339 +/- 0.0227 | I52: =A52 -> AR6→AR3 | J52: =IFERROR(__xludf.DUMMYFUNCTION("TEXT(VALUE(REGEXEXTRACT(B52,""^[+-]?[0-9]*\.?[0-9]+""))*100,""0.00"")&"" +/- ""&TEXT(VALUE(REGEXEXTRACT(B52,""[0-9]*\.?[0-9]+$""))*100,""0.00"")"),"73.09 +/- 2.40") -> 73.09 +/- 2.40 | K52: =IFERROR(__xludf.DUMMYFUNCTION("TEXT(VALUE(REGEXEXTRACT(C52,""^[+-]?[0-9]*\.?[0-9]+""))*100,""0.00"")&"" +/- ""&TEXT(VALUE(REGEXEXTRACT(C52,""[0-9]*\.?[0-9]+$""))*100,""0.00"")"),"85.52 +/- 1.90") -> 85.52 +/- 1.90 | L52: =IFERROR(__xludf.DUMMYFUNCTION("TEXT(VALUE(REGEXEXTRACT(D52,""^[+-]?[0-9]*\.?[0-9]+""))*100,""0.00"")&"" +/- ""&TEXT(VALUE(REGEXEXTRACT(D52,""[0-9]*\.?[0-9]+$""))*100,""0.00"")"),"75.08 +/- 2.78") -> 75.08 +/- 2.78 | M52: =IFERROR(__xludf.DUMMYFUNCTION("TEXT(VALUE(REGEXEXTRACT(E52,""^[+-]?[0-9]*\.?[0-9]+""))*100,""0.00"")&"" +/- ""&TEXT(VALUE(REGEXEXTRACT(E52,""[0-9]*\.?[0-9]+$""))*100,""0.00"")"),"75.25 +/- 2.52") -> 75.25 +/- 2.52 | N52: =IFERROR(__xludf.DUMMYFUNCTION("TEXT(VALUE(REGEXEXTRACT(F52,""^[+-]?[0-9]*\.?[0-9]+""))*100,""0.00"")&"" +/- ""&TEXT(VALUE(REGEXEXTRACT(F52,""[0-9]*\.?[0-9]+$""))*100,""0.00"")"),"70.80 +/- 2.90") -> 70.80 +/- 2.90 | O52: =IFERROR(__xludf.DUMMYFUNCTION("TEXT(VALUE(REGEXEXTRACT(G52,""^[+-]?[0-9]*\.?[0-9]+""))*100,""0.00"")&"" +/- ""&TEXT(VALUE(REGEXEXTRACT(G52,""[0-9]*\.?[0-9]+$""))*100,""0.00"")"),"71.66 +/- 2.22") -> 71.66 +/- 2.22 | P52: =IFERROR(__xludf.DUMMYFUNCTION("TEXT(VALUE(REGEXEXTRACT(H52,""^[+-]?[0-9]*\.?[0-9]+""))*100,""0.00"")&"" +/- ""&TEXT(VALUE(REGEXEXTRACT(H52,""[0-9]*\.?[0-9]+$""))*100,""0.00"")"),"83.39 +/- 2.27") -> 83.39 +/- 2.27
A53: AR6→AR4 | B53: 0.7229 +/- 0.0162 | C53: 0.7131 +/- 0.0262 | D53: 0.6877 +/- 0.0394 | E53: 0.7143 +/- 0.0299 | F53: 0.6904 +/- 0.0340 | G53: 0.6936 +/- 0.0352 | H53: 0.6914 +/- 0.0326 | I53: =A53 -> AR6→AR4 | J53: =IFERROR(__xludf.DUMMYFUNCTION("TEXT(VALUE(REGEXEXTRACT(B53,""^[+-]?[0-9]*\.?[0-9]+""))*100,""0.00"")&"" +/- ""&TEXT(VALUE(REGEXEXTRACT(B53,""[0-9]*\.?[0-9]+$""))*100,""0.00"")"),"72.29 +/- 1.62") -> 72.29 +/- 1.62 | K53: =IFERROR(__xludf.DUMMYFUNCTION("TEXT(VALUE(REGEXEXTRACT(C53,""^[+-]?[0-9]*\.?[0-9]+""))*100,""0.00"")&"" +/- ""&TEXT(VALUE(REGEXEXTRACT(C53,""[0-9]*\.?[0-9]+$""))*100,""0.00"")"),"71.31 +/- 2.62") -> 71.31 +/- 2.62 | L53: =IFERROR(__xludf.DUMMYFUNCTION("TEXT(VALUE(REGEXEXTRACT(D53,""^[+-]?[0-9]*\.?[0-9]+""))*100,""0.00"")&"" +/- ""&TEXT(VALUE(REGEXEXTRACT(D53,""[0-9]*\.?[0-9]+$""))*100,""0.00"")"),"68.77 +/- 3.94") -> 68.77 +/- 3.94 | M53: =IFERROR(__xludf.DUMMYFUNCTION("TEXT(VALUE(REGEXEXTRACT(E53,""^[+-]?[0-9]*\.?[0-9]+""))*100,""0.00"")&"" +/- ""&TEXT(VALUE(REGEXEXTRACT(E53,""[0-9]*\.?[0-9]+$""))*100,""0.00"")"),"71.43 +/- 2.99") -> 71.43 +/- 2.99 | N53: =IFERROR(__xludf.DUMMYFUNCTION("TEXT(VALUE(REGEXEXTRACT(F53,""^[+-]?[0-9]*\.?[0-9]+""))*100,""0.00"")&"" +/- ""&TEXT(VALUE(REGEXEXTRACT(F53,""[0-9]*\.?[0-9]+$""))*100,""0.00"")"),"69.04 +/- 3.40") -> 69.04 +/- 3.40 | O53: =IFERROR(__xludf.DUMMYFUNCTION("TEXT(VALUE(REGEXEXTRACT(G53,""^[+-]?[0-9]*\.?[0-9]+""))*100,""0.00"")&"" +/- ""&TEXT(VALUE(REGEXEXTRACT(G53,""[0-9]*\.?[0-9]+$""))*100,""0.00"")"),"69.36 +/- 3.52") -> 69.36 +/- 3.52 | P53: =IFERROR(__xludf.DUMMYFUNCTION("TEXT(VALUE(REGEXEXTRACT(H53,""^[+-]?[0-9]*\.?[0-9]+""))*100,""0.00"")&"" +/- ""&TEXT(VALUE(REGEXEXTRACT(H53,""[0-9]*\.?[0-9]+$""))*100,""0.00"")"),"69.14 +/- 3.26") -> 69.14 +/- 3.26
A54: AR6→AR5 | B54: 0.8964 +/- 0.0145 | C54: 0.8554 +/- 0.0219 | D54: 0.6735 +/- 0.0566 | E54: 0.8963 +/- 0.0136 | F54: 0.8906 +/- 0.0150 | G54: 0.8903 +/- 0.0207 | H54: 0.8711 +/- 0.0259 | I54: =A54 -> AR6→AR5 | J54: =IFERROR(__xludf.DUMMYFUNCTION("TEXT(VALUE(REGEXEXTRACT(B54,""^[+-]?[0-9]*\.?[0-9]+""))*100,""0.00"")&"" +/- ""&TEXT(VALUE(REGEXEXTRACT(B54,""[0-9]*\.?[0-9]+$""))*100,""0.00"")"),"89.64 +/- 1.45") -> 89.64 +/- 1.45 | K54: =IFERROR(__xludf.DUMMYFUNCTION("TEXT(VALUE(REGEXEXTRACT(C54,""^[+-]?[0-9]*\.?[0-9]+""))*100,""0.00"")&"" +/- ""&TEXT(VALUE(REGEXEXTRACT(C54,""[0-9]*\.?[0-9]+$""))*100,""0.00"")"),"85.54 +/- 2.19") -> 85.54 +/- 2.19 | L54: =IFERROR(__xludf.DUMMYFUNCTION("TEXT(VALUE(REGEXEXTRACT(D54,""^[+-]?[0-9]*\.?[0-9]+""))*100,""0.00"")&"" +/- ""&TEXT(VALUE(REGEXEXTRACT(D54,""[0-9]*\.?[0-9]+$""))*100,""0.00"")"),"67.35 +/- 5.66") -> 67.35 +/- 5.66 | M54: =IFERROR(__xludf.DUMMYFUNCTION("TEXT(VALUE(REGEXEXTRACT(E54,""^[+-]?[0-9]*\.?[0-9]+""))*100,""0.00"")&"" +/- ""&TEXT(VALUE(REGEXEXTRACT(E54,""[0-9]*\.?[0-9]+$""))*100,""0.00"")"),"89.63 +/- 1.36") -> 89.63 +/- 1.36 | N54: =IFERROR(__xludf.DUMMYFUNCTION("TEXT(VALUE(REGEXEXTRACT(F54,""^[+-]?[0-9]*\.?[0-9]+""))*100,""0.00"")&"" +/- ""&TEXT(VALUE(REGEXEXTRACT(F54,""[0-9]*\.?[0-9]+$""))*100,""0.00"")"),"89.06 +/- 1.50") -> 89.06 +/- 1.50 | O54: =IFERROR(__xludf.DUMMYFUNCTION("TEXT(VALUE(REGEXEXTRACT(G54,""^[+-]?[0-9]*\.?[0-9]+""))*100,""0.00"")&"" +/- ""&TEXT(VALUE(REGEXEXTRACT(G54,""[0-9]*\.?[0-9]+$""))*100,""0.00"")"),"89.03 +/- 2.07") -> 89.03 +/- 2.07 | P54: =IFERROR(__xludf.DUMMYFUNCTION("TEXT(VALUE(REGEXEXTRACT(H54,""^[+-]?[0-9]*\.?[0-9]+""))*100,""0.00"")&"" +/- ""&TEXT(VALUE(REGEXEXTRACT(H54,""[0-9]*\.?[0-9]+$""))*100,""0.00"")"),"87.11 +/- 2.59") -> 87.11 +/- 2.59
A55: W/T/L | C55: 9/0/11 | D55: 17/0/3 | E55: 7/0/13 | F55: 14/0/6 | G55: 15/0/5 | H55: 15/0/5 | I55: =A55 -> W/T/L | K55: =IFERROR(__xludf.DUMMYFUNCTION("SUM(ARRAYFORMULA(IFERROR( (VALUE(REGEXEXTRACT($J$35:$J$54,""^[+-]?[0-9]*\.?[0-9]+""))> VALUE(REGEXEXTRACT(K$35:K$54,""^[+-]?[0-9]*\.?[0-9]+"")))*1,0))) &""/""& SUM(ARRAYFORMULA(IFERROR( (VALUE(REGEXEXTRACT($J$35:$J$54,""^[+-]?[0-9]*\.?[0-9]+""))= "&" VALUE(REGEXEXTRACT(K$35:K$54,""^[+-]?[0-9]*\.?[0-9]+"")))*1,0))) &""/""& SUM(ARRAYFORMULA(IFERROR( (VALUE(REGEXEXTRACT($J$35:$J$54,""^[+-]?[0-9]*\.?[0-9]+""))< VALUE(REGEXEXTRACT(K$35:K$54,""^[+-]?[0-9]*\.?[0-9]+"")))*1,0)))"),"9/0/11") -> 9/0/11 | L55: =IFERROR(__xludf.DUMMYFUNCTION("SUM(ARRAYFORMULA(IFERROR( (VALUE(REGEXEXTRACT($J$35:$J$54,""^[+-]?[0-9]*\.?[0-9]+""))> VALUE(REGEXEXTRACT(L$35:L$54,""^[+-]?[0-9]*\.?[0-9]+"")))*1,0))) &""/""& SUM(ARRAYFORMULA(IFERROR( (VALUE(REGEXEXTRACT($J$35:$J$54,""^[+-]?[0-9]*\.?[0-9]+""))= "&" VALUE(REGEXEXTRACT(L$35:L$54,""^[+-]?[0-9]*\.?[0-9]+"")))*1,0))) &""/""& SUM(ARRAYFORMULA(IFERROR( (VALUE(REGEXEXTRACT($J$35:$J$54,""^[+-]?[0-9]*\.?[0-9]+""))< VALUE(REGEXEXTRACT(L$35:L$54,""^[+-]?[0-9]*\.?[0-9]+"")))*1,0)))"),"17/0/3") -> 17/0/3 | M55: =IFERROR(__xludf.DUMMYFUNCTION("SUM(ARRAYFORMULA(IFERROR( (VALUE(REGEXEXTRACT($J$35:$J$54,""^[+-]?[0-9]*\.?[0-9]+""))> VALUE(REGEXEXTRACT(M$35:M$54,""^[+-]?[0-9]*\.?[0-9]+"")))*1,0))) &""/""& SUM(ARRAYFORMULA(IFERROR( (VALUE(REGEXEXTRACT($J$35:$J$54,""^[+-]?[0-9]*\.?[0-9]+""))= "&" VALUE(REGEXEXTRACT(M$35:M$54,""^[+-]?[0-9]*\.?[0-9]+"")))*1,0))) &""/""& SUM(ARRAYFORMULA(IFERROR( (VALUE(REGEXEXTRACT($J$35:$J$54,""^[+-]?[0-9]*\.?[0-9]+""))< VALUE(REGEXEXTRACT(M$35:M$54,""^[+-]?[0-9]*\.?[0-9]+"")))*1,0)))"),"7/0/13") -> 7/0/13 | N55: =IFERROR(__xludf.DUMMYFUNCTION("SUM(ARRAYFORMULA(IFERROR( (VALUE(REGEXEXTRACT($J$35:$J$54,""^[+-]?[0-9]*\.?[0-9]+""))> VALUE(REGEXEXTRACT(N$35:N$54,""^[+-]?[0-9]*\.?[0-9]+"")))*1,0))) &""/""& SUM(ARRAYFORMULA(IFERROR( (VALUE(REGEXEXTRACT($J$35:$J$54,""^[+-]?[0-9]*\.?[0-9]+""))= "&" VALUE(REGEXEXTRACT(N$35:N$54,""^[+-]?[0-9]*\.?[0-9]+"")))*1,0))) &""/""& SUM(ARRAYFORMULA(IFERROR( (VALUE(REGEXEXTRACT($J$35:$J$54,""^[+-]?[0-9]*\.?[0-9]+""))< VALUE(REGEXEXTRACT(N$35:N$54,""^[+-]?[0-9]*\.?[0-9]+"")))*1,0)))"),"14/0/6") -> 14/0/6 | O55: =IFERROR(__xludf.DUMMYFUNCTION("SUM(ARRAYFORMULA(IFERROR( (VALUE(REGEXEXTRACT($J$35:$J$54,""^[+-]?[0-9]*\.?[0-9]+""))> VALUE(REGEXEXTRACT(O$35:O$54,""^[+-]?[0-9]*\.?[0-9]+"")))*1,0))) &""/""& SUM(ARRAYFORMULA(IFERROR( (VALUE(REGEXEXTRACT($J$35:$J$54,""^[+-]?[0-9]*\.?[0-9]+""))= "&" VALUE(REGEXEXTRACT(O$35:O$54,""^[+-]?[0-9]*\.?[0-9]+"")))*1,0))) &""/""& SUM(ARRAYFORMULA(IFERROR( (VALUE(REGEXEXTRACT($J$35:$J$54,""^[+-]?[0-9]*\.?[0-9]+""))< VALUE(REGEXEXTRACT(O$35:O$54,""^[+-]?[0-9]*\.?[0-9]+"")))*1,0)))"),"15/0/5") -> 15/0/5 | P55: =IFERROR(__xludf.DUMMYFUNCTION("SUM(ARRAYFORMULA(IFERROR( (VALUE(REGEXEXTRACT($J$35:$J$54,""^[+-]?[0-9]*\.?[0-9]+""))> VALUE(REGEXEXTRACT(P$35:P$54,""^[+-]?[0-9]*\.?[0-9]+"")))*1,0))) &""/""& SUM(ARRAYFORMULA(IFERROR( (VALUE(REGEXEXTRACT($J$35:$J$54,""^[+-]?[0-9]*\.?[0-9]+""))= "&" VALUE(REGEXEXTRACT(P$35:P$54,""^[+-]?[0-9]*\.?[0-9]+"")))*1,0))) &""/""& SUM(ARRAYFORMULA(IFERROR( (VALUE(REGEXEXTRACT($J$35:$J$54,""^[+-]?[0-9]*\.?[0-9]+""))< VALUE(REGEXEXTRACT(P$35:P$54,""^[+-]?[0-9]*\.?[0-9]+"")))*1,0)))"),"15/0/5") -> 15/0/5
A56: Average (%) | B56: 74.76 | C56: 73.71 | D56: 67.58 | E56: 74.78 | F56: 74.04 | G56: 74.44 | H56: 71.98 | I56: =A56 -> Average (%) | J56: =IFERROR(__xludf.DUMMYFUNCTION("ROUND(AVERAGE(ARRAYFORMULA(IFERROR(VALUE(REGEXEXTRACT(J$35:J$54,""^[+-]?[0-9]*\.?[0-9]+"")),""""))),2)"),74.76) -> 74.76 | K56: =IFERROR(__xludf.DUMMYFUNCTION("ROUND(AVERAGE(ARRAYFORMULA(IFERROR(VALUE(REGEXEXTRACT(K$35:K$54,""^[+-]?[0-9]*\.?[0-9]+"")),""""))),2)"),73.71) -> 73.71 | L56: =IFERROR(__xludf.DUMMYFUNCTION("ROUND(AVERAGE(ARRAYFORMULA(IFERROR(VALUE(REGEXEXTRACT(L$35:L$54,""^[+-]?[0-9]*\.?[0-9]+"")),""""))),2)"),67.58) -> 67.58 | M56: =IFERROR(__xludf.DUMMYFUNCTION("ROUND(AVERAGE(ARRAYFORMULA(IFERROR(VALUE(REGEXEXTRACT(M$35:M$54,""^[+-]?[0-9]*\.?[0-9]+"")),""""))),2)"),74.78) -> 74.78 | N56: =IFERROR(__xludf.DUMMYFUNCTION("ROUND(AVERAGE(ARRAYFORMULA(IFERROR(VALUE(REGEXEXTRACT(N$35:N$54,""^[+-]?[0-9]*\.?[0-9]+"")),""""))),2)"),74.04) -> 74.04 | O56: =IFERROR(__xludf.DUMMYFUNCTION("ROUND(AVERAGE(ARRAYFORMULA(IFERROR(VALUE(REGEXEXTRACT(O$35:O$54,""^[+-]?[0-9]*\.?[0-9]+"")),""""))),2)"),74.44) -> 74.44 | P56: =IFERROR(__xludf.DUMMYFUNCTION("ROUND(AVERAGE(ARRAYFORMULA(IFERROR(VALUE(REGEXEXTRACT(P$35:P$54,""^[+-]?[0-9]*\.?[0-9]+"")),""""))),2)"),71.98) -> 71.98
A57: AEEEM | I57: AEEEM
A58: EQ→JDT | B58: 0.8031 +/- 0.0062 | C58: 0.7975 +/- 0.0061 | D58: 0.7814 +/- 0.0098 | E58: 0.7902 +/- 0.0081 | F58: 0.7618 +/- 0.0174 | G58: 0.7817 +/- 0.0080 | H58: 0.7820 +/- 0.0074 | I58: =A58 -> EQ→JDT | J58: =IFERROR(__xludf.DUMMYFUNCTION("TEXT(VALUE(REGEXEXTRACT(B58,""^[+-]?[0-9]*\.?[0-9]+""))*100,""0.00"")&"" +/- ""&TEXT(VALUE(REGEXEXTRACT(B58,""[0-9]*\.?[0-9]+$""))*100,""0.00"")"),"80.31 +/- 0.62") -> 80.31 +/- 0.62 | K58: =IFERROR(__xludf.DUMMYFUNCTION("TEXT(VALUE(REGEXEXTRACT(C58,""^[+-]?[0-9]*\.?[0-9]+""))*100,""0.00"")&"" +/- ""&TEXT(VALUE(REGEXEXTRACT(C58,""[0-9]*\.?[0-9]+$""))*100,""0.00"")"),"79.75 +/- 0.61") -> 79.75 +/- 0.61 | L58: =IFERROR(__xludf.DUMMYFUNCTION("TEXT(VALUE(REGEXEXTRACT(D58,""^[+-]?[0-9]*\.?[0-9]+""))*100,""0.00"")&"" +/- ""&TEXT(VALUE(REGEXEXTRACT(D58,""[0-9]*\.?[0-9]+$""))*100,""0.00"")"),"78.14 +/- 0.98") -> 78.14 +/- 0.98 | M58: =IFERROR(__xludf.DUMMYFUNCTION("TEXT(VALUE(REGEXEXTRACT(E58,""^[+-]?[0-9]*\.?[0-9]+""))*100,""0.00"")&"" +/- ""&TEXT(VALUE(REGEXEXTRACT(E58,""[0-9]*\.?[0-9]+$""))*100,""0.00"")"),"79.02 +/- 0.81") -> 79.02 +/- 0.81 | N58: =IFERROR(__xludf.DUMMYFUNCTION("TEXT(VALUE(REGEXEXTRACT(F58,""^[+-]?[0-9]*\.?[0-9]+""))*100,""0.00"")&"" +/- ""&TEXT(VALUE(REGEXEXTRACT(F58,""[0-9]*\.?[0-9]+$""))*100,""0.00"")"),"76.18 +/- 1.74") -> 76.18 +/- 1.74 | O58: =IFERROR(__xludf.DUMMYFUNCTION("TEXT(VALUE(REGEXEXTRACT(G58,""^[+-]?[0-9]*\.?[0-9]+""))*100,""0.00"")&"" +/- ""&TEXT(VALUE(REGEXEXTRACT(G58,""[0-9]*\.?[0-9]+$""))*100,""0.00"")"),"78.17 +/- 0.80") -> 78.17 +/- 0.80 | P58: =IFERROR(__xludf.DUMMYFUNCTION("TEXT(VALUE(REGEXEXTRACT(H58,""^[+-]?[0-9]*\.?[0-9]+""))*100,""0.00"")&"" +/- ""&TEXT(VALUE(REGEXEXTRACT(H58,""[0-9]*\.?[0-9]+$""))*100,""0.00"")"),"78.20 +/- 0.74") -> 78.20 +/- 0.74
A59: EQ→LC | B59: 0.7948 +/- 0.0073 | C59: 0.7960 +/- 0.0083 | D59: 0.7198 +/- 0.0135 | E59: 0.7873 +/- 0.0124 | F59: 0.7695 +/- 0.0182 | G59: 0.7807 +/- 0.0090 | H59: 0.7953 +/- 0.0099 | I59: =A59 -> EQ→LC | J59: =IFERROR(__xludf.DUMMYFUNCTION("TEXT(VALUE(REGEXEXTRACT(B59,""^[+-]?[0-9]*\.?[0-9]+""))*100,""0.00"")&"" +/- ""&TEXT(VALUE(REGEXEXTRACT(B59,""[0-9]*\.?[0-9]+$""))*100,""0.00"")"),"79.48 +/- 0.73") -> 79.48 +/- 0.73 | K59: =IFERROR(__xludf.DUMMYFUNCTION("TEXT(VALUE(REGEXEXTRACT(C59,""^[+-]?[0-9]*\.?[0-9]+""))*100,""0.00"")&"" +/- ""&TEXT(VALUE(REGEXEXTRACT(C59,""[0-9]*\.?[0-9]+$""))*100,""0.00"")"),"79.60 +/- 0.83") -> 79.60 +/- 0.83 | L59: =IFERROR(__xludf.DUMMYFUNCTION("TEXT(VALUE(REGEXEXTRACT(D59,""^[+-]?[0-9]*\.?[0-9]+""))*100,""0.00"")&"" +/- ""&TEXT(VALUE(REGEXEXTRACT(D59,""[0-9]*\.?[0-9]+$""))*100,""0.00"")"),"71.98 +/- 1.35") -> 71.98 +/- 1.35 | M59: =IFERROR(__xludf.DUMMYFUNCTION("TEXT(VALUE(REGEXEXTRACT(E59,""^[+-]?[0-9]*\.?[0-9]+""))*100,""0.00"")&"" +/- ""&TEXT(VALUE(REGEXEXTRACT(E59,""[0-9]*\.?[0-9]+$""))*100,""0.00"")"),"78.73 +/- 1.24") -> 78.73 +/- 1.24 | N59: =IFERROR(__xludf.DUMMYFUNCTION("TEXT(VALUE(REGEXEXTRACT(F59,""^[+-]?[0-9]*\.?[0-9]+""))*100,""0.00"")&"" +/- ""&TEXT(VALUE(REGEXEXTRACT(F59,""[0-9]*\.?[0-9]+$""))*100,""0.00"")"),"76.95 +/- 1.82") -> 76.95 +/- 1.82 | O59: =IFERROR(__xludf.DUMMYFUNCTION("TEXT(VALUE(REGEXEXTRACT(G59,""^[+-]?[0-9]*\.?[0-9]+""))*100,""0.00"")&"" +/- ""&TEXT(VALUE(REGEXEXTRACT(G59,""[0-9]*\.?[0-9]+$""))*100,""0.00"")"),"78.07 +/- 0.90") -> 78.07 +/- 0.90 | P59: =IFERROR(__xludf.DUMMYFUNCTION("TEXT(VALUE(REGEXEXTRACT(H59,""^[+-]?[0-9]*\.?[0-9]+""))*100,""0.00"")&"" +/- ""&TEXT(VALUE(REGEXEXTRACT(H59,""[0-9]*\.?[0-9]+$""))*100,""0.00"")"),"79.53 +/- 0.99") -> 79.53 +/- 0.99
A60: EQ→ML | B60: 0.6229 +/- 0.0118 | C60: 0.6333 +/- 0.0109 | D60: 0.6061 +/- 0.0121 | E60: 0.6102 +/- 0.0115 | F60: 0.5781 +/- 0.0164 | G60: 0.5940 +/- 0.0135 | H60: 0.6349 +/- 0.0193 | I60: =A60 -> EQ→ML | J60: =IFERROR(__xludf.DUMMYFUNCTION("TEXT(VALUE(REGEXEXTRACT(B60,""^[+-]?[0-9]*\.?[0-9]+""))*100,""0.00"")&"" +/- ""&TEXT(VALUE(REGEXEXTRACT(B60,""[0-9]*\.?[0-9]+$""))*100,""0.00"")"),"62.29 +/- 1.18") -> 62.29 +/- 1.18 | K60: =IFERROR(__xludf.DUMMYFUNCTION("TEXT(VALUE(REGEXEXTRACT(C60,""^[+-]?[0-9]*\.?[0-9]+""))*100,""0.00"")&"" +/- ""&TEXT(VALUE(REGEXEXTRACT(C60,""[0-9]*\.?[0-9]+$""))*100,""0.00"")"),"63.33 +/- 1.09") -> 63.33 +/- 1.09 | L60: =IFERROR(__xludf.DUMMYFUNCTION("TEXT(VALUE(REGEXEXTRACT(D60,""^[+-]?[0-9]*\.?[0-9]+""))*100,""0.00"")&"" +/- ""&TEXT(VALUE(REGEXEXTRACT(D60,""[0-9]*\.?[0-9]+$""))*100,""0.00"")"),"60.61 +/- 1.21") -> 60.61 +/- 1.21 | M60: =IFERROR(__xludf.DUMMYFUNCTION("TEXT(VALUE(REGEXEXTRACT(E60,""^[+-]?[0-9]*\.?[0-9]+""))*100,""0.00"")&"" +/- ""&TEXT(VALUE(REGEXEXTRACT(E60,""[0-9]*\.?[0-9]+$""))*100,""0.00"")"),"61.02 +/- 1.15") -> 61.02 +/- 1.15 | N60: =IFERROR(__xludf.DUMMYFUNCTION("TEXT(VALUE(REGEXEXTRACT(F60,""^[+-]?[0-9]*\.?[0-9]+""))*100,""0.00"")&"" +/- ""&TEXT(VALUE(REGEXEXTRACT(F60,""[0-9]*\.?[0-9]+$""))*100,""0.00"")"),"57.81 +/- 1.64") -> 57.81 +/- 1.64 | O60: =IFERROR(__xludf.DUMMYFUNCTION("TEXT(VALUE(REGEXEXTRACT(G60,""^[+-]?[0-9]*\.?[0-9]+""))*100,""0.00"")&"" +/- ""&TEXT(VALUE(REGEXEXTRACT(G60,""[0-9]*\.?[0-9]+$""))*100,""0.00"")"),"59.40 +/- 1.35") -> 59.40 +/- 1.35 | P60: =IFERROR(__xludf.DUMMYFUNCTION("TEXT(VALUE(REGEXEXTRACT(H60,""^[+-]?[0-9]*\.?[0-9]+""))*100,""0.00"")&"" +/- ""&TEXT(VALUE(REGEXEXTRACT(H60,""[0-9]*\.?[0-9]+$""))*100,""0.00"")"),"63.49 +/- 1.93") -> 63.49 +/- 1.93
A61: EQ→PDE | B61: 0.7043 +/- 0.0077 | C61: 0.7143 +/- 0.0054 | D61: 0.7056 +/- 0.0077 | E61: 0.7084 +/- 0.0071 | F61: 0.6975 +/- 0.0095 | G61: 0.7058 +/- 0.0054 | H61: 0.6933 +/- 0.0105 | I61: =A61 -> EQ→PDE | J61: =IFERROR(__xludf.DUMMYFUNCTION("TEXT(VALUE(REGEXEXTRACT(B61,""^[+-]?[0-9]*\.?[0-9]+""))*100,""0.00"")&"" +/- ""&TEXT(VALUE(REGEXEXTRACT(B61,""[0-9]*\.?[0-9]+$""))*100,""0.00"")"),"70.43 +/- 0.77") -> 70.43 +/- 0.77 | K61: =IFERROR(__xludf.DUMMYFUNCTION("TEXT(VALUE(REGEXEXTRACT(C61,""^[+-]?[0-9]*\.?[0-9]+""))*100,""0.00"")&"" +/- ""&TEXT(VALUE(REGEXEXTRACT(C61,""[0-9]*\.?[0-9]+$""))*100,""0.00"")"),"71.43 +/- 0.54") -> 71.43 +/- 0.54 | L61: =IFERROR(__xludf.DUMMYFUNCTION("TEXT(VALUE(REGEXEXTRACT(D61,""^[+-]?[0-9]*\.?[0-9]+""))*100,""0.00"")&"" +/- ""&TEXT(VALUE(REGEXEXTRACT(D61,""[0-9]*\.?[0-9]+$""))*100,""0.00"")"),"70.56 +/- 0.77") -> 70.56 +/- 0.77 | M61: =IFERROR(__xludf.DUMMYFUNCTION("TEXT(VALUE(REGEXEXTRACT(E61,""^[+-]?[0-9]*\.?[0-9]+""))*100,""0.00"")&"" +/- ""&TEXT(VALUE(REGEXEXTRACT(E61,""[0-9]*\.?[0-9]+$""))*100,""0.00"")"),"70.84 +/- 0.71") -> 70.84 +/- 0.71 | N61: =IFERROR(__xludf.DUMMYFUNCTION("TEXT(VALUE(REGEXEXTRACT(F61,""^[+-]?[0-9]*\.?[0-9]+""))*100,""0.00"")&"" +/- ""&TEXT(VALUE(REGEXEXTRACT(F61,""[0-9]*\.?[0-9]+$""))*100,""0.00"")"),"69.75 +/- 0.95") -> 69.75 +/- 0.95 | O61: =IFERROR(__xludf.DUMMYFUNCTION("TEXT(VALUE(REGEXEXTRACT(G61,""^[+-]?[0-9]*\.?[0-9]+""))*100,""0.00"")&"" +/- ""&TEXT(VALUE(REGEXEXTRACT(G61,""[0-9]*\.?[0-9]+$""))*100,""0.00"")"),"70.58 +/- 0.54") -> 70.58 +/- 0.54 | P61: =IFERROR(__xludf.DUMMYFUNCTION("TEXT(VALUE(REGEXEXTRACT(H61,""^[+-]?[0-9]*\.?[0-9]+""))*100,""0.00"")&"" +/- ""&TEXT(VALUE(REGEXEXTRACT(H61,""[0-9]*\.?[0-9]+$""))*100,""0.00"")"),"69.33 +/- 1.05") -> 69.33 +/- 1.05
A62: JDT→EQ | B62: 0.7598 +/- 0.0204 | C62: 0.7623 +/- 0.0144 | D62: 0.7793 +/- 0.0161 | E62: 0.7577 +/- 0.0219 | F62: 0.6936 +/- 0.0377 | G62: 0.7421 +/- 0.0397 | H62: 0.7164 +/- 0.0427 | I62: =A62 -> JDT→EQ | J62: =IFERROR(__xludf.DUMMYFUNCTION("TEXT(VALUE(REGEXEXTRACT(B62,""^[+-]?[0-9]*\.?[0-9]+""))*100,""0.00"")&"" +/- ""&TEXT(VALUE(REGEXEXTRACT(B62,""[0-9]*\.?[0-9]+$""))*100,""0.00"")"),"75.98 +/- 2.04") -> 75.98 +/- 2.04 | K62: =IFERROR(__xludf.DUMMYFUNCTION("TEXT(VALUE(REGEXEXTRACT(C62,""^[+-]?[0-9]*\.?[0-9]+""))*100,""0.00"")&"" +/- ""&TEXT(VALUE(REGEXEXTRACT(C62,""[0-9]*\.?[0-9]+$""))*100,""0.00"")"),"76.23 +/- 1.44") -> 76.23 +/- 1.44 | L62: =IFERROR(__xludf.DUMMYFUNCTION("TEXT(VALUE(REGEXEXTRACT(D62,""^[+-]?[0-9]*\.?[0-9]+""))*100,""0.00"")&"" +/- ""&TEXT(VALUE(REGEXEXTRACT(D62,""[0-9]*\.?[0-9]+$""))*100,""0.00"")"),"77.93 +/- 1.61") -> 77.93 +/- 1.61 | M62: =IFERROR(__xludf.DUMMYFUNCTION("TEXT(VALUE(REGEXEXTRACT(E62,""^[+-]?[0-9]*\.?[0-9]+""))*100,""0.00"")&"" +/- ""&TEXT(VALUE(REGEXEXTRACT(E62,""[0-9]*\.?[0-9]+$""))*100,""0.00"")"),"75.77 +/- 2.19") -> 75.77 +/- 2.19 | N62: =IFERROR(__xludf.DUMMYFUNCTION("TEXT(VALUE(REGEXEXTRACT(F62,""^[+-]?[0-9]*\.?[0-9]+""))*100,""0.00"")&"" +/- ""&TEXT(VALUE(REGEXEXTRACT(F62,""[0-9]*\.?[0-9]+$""))*100,""0.00"")"),"69.36 +/- 3.77") -> 69.36 +/- 3.77 | O62: =IFERROR(__xludf.DUMMYFUNCTION("TEXT(VALUE(REGEXEXTRACT(G62,""^[+-]?[0-9]*\.?[0-9]+""))*100,""0.00"")&"" +/- ""&TEXT(VALUE(REGEXEXTRACT(G62,""[0-9]*\.?[0-9]+$""))*100,""0.00"")"),"74.21 +/- 3.97") -> 74.21 +/- 3.97 | P62: =IFERROR(__xludf.DUMMYFUNCTION("TEXT(VALUE(REGEXEXTRACT(H62,""^[+-]?[0-9]*\.?[0-9]+""))*100,""0.00"")&"" +/- ""&TEXT(VALUE(REGEXEXTRACT(H62,""[0-9]*\.?[0-9]+$""))*100,""0.00"")"),"71.64 +/- 4.27") -> 71.64 +/- 4.27
A63: JDT→LC | B63: 0.7666 +/- 0.0084 | C63: 0.7768 +/- 0.0088 | D63: 0.7685 +/- 0.0067 | E63: 0.7660 +/- 0.0100 | F63: 0.7445 +/- 0.0132 | G63: 0.7558 +/- 0.0129 | H63: 0.7441 +/- 0.0155 | I63: =A63 -> JDT→LC | J63: =IFERROR(__xludf.DUMMYFUNCTION("TEXT(VALUE(REGEXEXTRACT(B63,""^[+-]?[0-9]*\.?[0-9]+""))*100,""0.00"")&"" +/- ""&TEXT(VALUE(REGEXEXTRACT(B63,""[0-9]*\.?[0-9]+$""))*100,""0.00"")"),"76.66 +/- 0.84") -> 76.66 +/- 0.84 | K63: =IFERROR(__xludf.DUMMYFUNCTION("TEXT(VALUE(REGEXEXTRACT(C63,""^[+-]?[0-9]*\.?[0-9]+""))*100,""0.00"")&"" +/- ""&TEXT(VALUE(REGEXEXTRACT(C63,""[0-9]*\.?[0-9]+$""))*100,""0.00"")"),"77.68 +/- 0.88") -> 77.68 +/- 0.88 | L63: =IFERROR(__xludf.DUMMYFUNCTION("TEXT(VALUE(REGEXEXTRACT(D63,""^[+-]?[0-9]*\.?[0-9]+""))*100,""0.00"")&"" +/- ""&TEXT(VALUE(REGEXEXTRACT(D63,""[0-9]*\.?[0-9]+$""))*100,""0.00"")"),"76.85 +/- 0.67") -> 76.85 +/- 0.67 | M63: =IFERROR(__xludf.DUMMYFUNCTION("TEXT(VALUE(REGEXEXTRACT(E63,""^[+-]?[0-9]*\.?[0-9]+""))*100,""0.00"")&"" +/- ""&TEXT(VALUE(REGEXEXTRACT(E63,""[0-9]*\.?[0-9]+$""))*100,""0.00"")"),"76.60 +/- 1.00") -> 76.60 +/- 1.00 | N63: =IFERROR(__xludf.DUMMYFUNCTION("TEXT(VALUE(REGEXEXTRACT(F63,""^[+-]?[0-9]*\.?[0-9]+""))*100,""0.00"")&"" +/- ""&TEXT(VALUE(REGEXEXTRACT(F63,""[0-9]*\.?[0-9]+$""))*100,""0.00"")"),"74.45 +/- 1.32") -> 74.45 +/- 1.32 | O63: =IFERROR(__xludf.DUMMYFUNCTION("TEXT(VALUE(REGEXEXTRACT(G63,""^[+-]?[0-9]*\.?[0-9]+""))*100,""0.00"")&"" +/- ""&TEXT(VALUE(REGEXEXTRACT(G63,""[0-9]*\.?[0-9]+$""))*100,""0.00"")"),"75.58 +/- 1.29") -> 75.58 +/- 1.29 | P63: =IFERROR(__xludf.DUMMYFUNCTION("TEXT(VALUE(REGEXEXTRACT(H63,""^[+-]?[0-9]*\.?[0-9]+""))*100,""0.00"")&"" +/- ""&TEXT(VALUE(REGEXEXTRACT(H63,""[0-9]*\.?[0-9]+$""))*100,""0.00"")"),"74.41 +/- 1.55") -> 74.41 +/- 1.55
A64: JDT→ML | B64: 0.6934 +/- 0.0086 | C64: 0.7063 +/- 0.0090 | D64: 0.6748 +/- 0.0063 | E64: 0.6688 +/- 0.0208 | F64: 0.6330 +/- 0.0214 | G64: 0.6625 +/- 0.0198 | H64: 0.6360 +/- 0.0183 | I64: =A64 -> JDT→ML | J64: =IFERROR(__xludf.DUMMYFUNCTION("TEXT(VALUE(REGEXEXTRACT(B64,""^[+-]?[0-9]*\.?[0-9]+""))*100,""0.00"")&"" +/- ""&TEXT(VALUE(REGEXEXTRACT(B64,""[0-9]*\.?[0-9]+$""))*100,""0.00"")"),"69.34 +/- 0.86") -> 69.34 +/- 0.86 | K64: =IFERROR(__xludf.DUMMYFUNCTION("TEXT(VALUE(REGEXEXTRACT(C64,""^[+-]?[0-9]*\.?[0-9]+""))*100,""0.00"")&"" +/- ""&TEXT(VALUE(REGEXEXTRACT(C64,""[0-9]*\.?[0-9]+$""))*100,""0.00"")"),"70.63 +/- 0.90") -> 70.63 +/- 0.90 | L64: =IFERROR(__xludf.DUMMYFUNCTION("TEXT(VALUE(REGEXEXTRACT(D64,""^[+-]?[0-9]*\.?[0-9]+""))*100,""0.00"")&"" +/- ""&TEXT(VALUE(REGEXEXTRACT(D64,""[0-9]*\.?[0-9]+$""))*100,""0.00"")"),"67.48 +/- 0.63") -> 67.48 +/- 0.63 | M64: =IFERROR(__xludf.DUMMYFUNCTION("TEXT(VALUE(REGEXEXTRACT(E64,""^[+-]?[0-9]*\.?[0-9]+""))*100,""0.00"")&"" +/- ""&TEXT(VALUE(REGEXEXTRACT(E64,""[0-9]*\.?[0-9]+$""))*100,""0.00"")"),"66.88 +/- 2.08") -> 66.88 +/- 2.08 | N64: =IFERROR(__xludf.DUMMYFUNCTION("TEXT(VALUE(REGEXEXTRACT(F64,""^[+-]?[0-9]*\.?[0-9]+""))*100,""0.00"")&"" +/- ""&TEXT(VALUE(REGEXEXTRACT(F64,""[0-9]*\.?[0-9]+$""))*100,""0.00"")"),"63.30 +/- 2.14") -> 63.30 +/- 2.14 | O64: =IFERROR(__xludf.DUMMYFUNCTION("TEXT(VALUE(REGEXEXTRACT(G64,""^[+-]?[0-9]*\.?[0-9]+""))*100,""0.00"")&"" +/- ""&TEXT(VALUE(REGEXEXTRACT(G64,""[0-9]*\.?[0-9]+$""))*100,""0.00"")"),"66.25 +/- 1.98") -> 66.25 +/- 1.98 | P64: =IFERROR(__xludf.DUMMYFUNCTION("TEXT(VALUE(REGEXEXTRACT(H64,""^[+-]?[0-9]*\.?[0-9]+""))*100,""0.00"")&"" +/- ""&TEXT(VALUE(REGEXEXTRACT(H64,""[0-9]*\.?[0-9]+$""))*100,""0.00"")"),"63.60 +/- 1.83") -> 63.60 +/- 1.83
A65: JDT→PDE | B65: 0.7392 +/- 0.0035 | C65: 0.7437 +/- 0.0070 | D65: 0.7211 +/- 0.0047 | E65: 0.7353 +/- 0.0080 | F65: 0.7305 +/- 0.0051 | G65: 0.7377 +/- 0.0066 | H65: 0.5222 +/- 0.0184 | I65: =A65 -> JDT→PDE | J65: =IFERROR(__xludf.DUMMYFUNCTION("TEXT(VALUE(REGEXEXTRACT(B65,""^[+-]?[0-9]*\.?[0-9]+""))*100,""0.00"")&"" +/- ""&TEXT(VALUE(REGEXEXTRACT(B65,""[0-9]*\.?[0-9]+$""))*100,""0.00"")"),"73.92 +/- 0.35") -> 73.92 +/- 0.35 | K65: =IFERROR(__xludf.DUMMYFUNCTION("TEXT(VALUE(REGEXEXTRACT(C65,""^[+-]?[0-9]*\.?[0-9]+""))*100,""0.00"")&"" +/- ""&TEXT(VALUE(REGEXEXTRACT(C65,""[0-9]*\.?[0-9]+$""))*100,""0.00"")"),"74.37 +/- 0.70") -> 74.37 +/- 0.70 | L65: =IFERROR(__xludf.DUMMYFUNCTION("TEXT(VALUE(REGEXEXTRACT(D65,""^[+-]?[0-9]*\.?[0-9]+""))*100,""0.00"")&"" +/- ""&TEXT(VALUE(REGEXEXTRACT(D65,""[0-9]*\.?[0-9]+$""))*100,""0.00"")"),"72.11 +/- 0.47") -> 72.11 +/- 0.47 | M65: =IFERROR(__xludf.DUMMYFUNCTION("TEXT(VALUE(REGEXEXTRACT(E65,""^[+-]?[0-9]*\.?[0-9]+""))*100,""0.00"")&"" +/- ""&TEXT(VALUE(REGEXEXTRACT(E65,""[0-9]*\.?[0-9]+$""))*100,""0.00"")"),"73.53 +/- 0.80") -> 73.53 +/- 0.80 | N65: =IFERROR(__xludf.DUMMYFUNCTION("TEXT(VALUE(REGEXEXTRACT(F65,""^[+-]?[0-9]*\.?[0-9]+""))*100,""0.00"")&"" +/- ""&TEXT(VALUE(REGEXEXTRACT(F65,""[0-9]*\.?[0-9]+$""))*100,""0.00"")"),"73.05 +/- 0.51") -> 73.05 +/- 0.51 | O65: =IFERROR(__xludf.DUMMYFUNCTION("TEXT(VALUE(REGEXEXTRACT(G65,""^[+-]?[0-9]*\.?[0-9]+""))*100,""0.00"")&"" +/- ""&TEXT(VALUE(REGEXEXTRACT(G65,""[0-9]*\.?[0-9]+$""))*100,""0.00"")"),"73.77 +/- 0.66") -> 73.77 +/- 0.66 | P65: =IFERROR(__xludf.DUMMYFUNCTION("TEXT(VALUE(REGEXEXTRACT(H65,""^[+-]?[0-9]*\.?[0-9]+""))*100,""0.00"")&"" +/- ""&TEXT(VALUE(REGEXEXTRACT(H65,""[0-9]*\.?[0-9]+$""))*100,""0.00"")"),"52.22 +/- 1.84") -> 52.22 +/- 1.84
A66: LC→EQ | B66: 0.8129 +/- 0.0101 | C66: 0.8105 +/- 0.0181 | D66: 0.7954 +/- 0.0180 | E66: 0.8053 +/- 0.0247 | F66: 0.8238 +/- 0.0077 | G66: 0.8228 +/- 0.0101 | H66: 0.3273 +/- 0.0196 | I66: =A66 -> LC→EQ | J66: =IFERROR(__xludf.DUMMYFUNCTION("TEXT(VALUE(REGEXEXTRACT(B66,""^[+-]?[0-9]*\.?[0-9]+""))*100,""0.00"")&"" +/- ""&TEXT(VALUE(REGEXEXTRACT(B66,""[0-9]*\.?[0-9]+$""))*100,""0.00"")"),"81.29 +/- 1.01") -> 81.29 +/- 1.01 | K66: =IFERROR(__xludf.DUMMYFUNCTION("TEXT(VALUE(REGEXEXTRACT(C66,""^[+-]?[0-9]*\.?[0-9]+""))*100,""0.00"")&"" +/- ""&TEXT(VALUE(REGEXEXTRACT(C66,""[0-9]*\.?[0-9]+$""))*100,""0.00"")"),"81.05 +/- 1.81") -> 81.05 +/- 1.81 | L66: =IFERROR(__xludf.DUMMYFUNCTION("TEXT(VALUE(REGEXEXTRACT(D66,""^[+-]?[0-9]*\.?[0-9]+""))*100,""0.00"")&"" +/- ""&TEXT(VALUE(REGEXEXTRACT(D66,""[0-9]*\.?[0-9]+$""))*100,""0.00"")"),"79.54 +/- 1.80") -> 79.54 +/- 1.80 | M66: =IFERROR(__xludf.DUMMYFUNCTION("TEXT(VALUE(REGEXEXTRACT(E66,""^[+-]?[0-9]*\.?[0-9]+""))*100,""0.00"")&"" +/- ""&TEXT(VALUE(REGEXEXTRACT(E66,""[0-9]*\.?[0-9]+$""))*100,""0.00"")"),"80.53 +/- 2.47") -> 80.53 +/- 2.47 | N66: =IFERROR(__xludf.DUMMYFUNCTION("TEXT(VALUE(REGEXEXTRACT(F66,""^[+-]?[0-9]*\.?[0-9]+""))*100,""0.00"")&"" +/- ""&TEXT(VALUE(REGEXEXTRACT(F66,""[0-9]*\.?[0-9]+$""))*100,""0.00"")"),"82.38 +/- 0.77") -> 82.38 +/- 0.77 | O66: =IFERROR(__xludf.DUMMYFUNCTION("TEXT(VALUE(REGEXEXTRACT(G66,""^[+-]?[0-9]*\.?[0-9]+""))*100,""0.00"")&"" +/- ""&TEXT(VALUE(REGEXEXTRACT(G66,""[0-9]*\.?[0-9]+$""))*100,""0.00"")"),"82.28 +/- 1.01") -> 82.28 +/- 1.01 | P66: =IFERROR(__xludf.DUMMYFUNCTION("TEXT(VALUE(REGEXEXTRACT(H66,""^[+-]?[0-9]*\.?[0-9]+""))*100,""0.00"")&"" +/- ""&TEXT(VALUE(REGEXEXTRACT(H66,""[0-9]*\.?[0-9]+$""))*100,""0.00"")"),"32.73 +/- 1.96") -> 32.73 +/- 1.96
A67: LC→JDT | B67: 0.8114 +/- 0.0047 | C67: 0.7658 +/- 0.0156 | D67: 0.7815 +/- 0.0106 | E67: 0.8080 +/- 0.0101 | F67: 0.8006 +/- 0.0059 | G67: 0.8087 +/- 0.0045 | H67: 0.5446 +/- 0.0232 | I67: =A67 -> LC→JDT | J67: =IFERROR(__xludf.DUMMYFUNCTION("TEXT(VALUE(REGEXEXTRACT(B67,""^[+-]?[0-9]*\.?[0-9]+""))*100,""0.00"")&"" +/- ""&TEXT(VALUE(REGEXEXTRACT(B67,""[0-9]*\.?[0-9]+$""))*100,""0.00"")"),"81.14 +/- 0.47") -> 81.14 +/- 0.47 | K67: =IFERROR(__xludf.DUMMYFUNCTION("TEXT(VALUE(REGEXEXTRACT(C67,""^[+-]?[0-9]*\.?[0-9]+""))*100,""0.00"")&"" +/- ""&TEXT(VALUE(REGEXEXTRACT(C67,""[0-9]*\.?[0-9]+$""))*100,""0.00"")"),"76.58 +/- 1.56") -> 76.58 +/- 1.56 | L67: =IFERROR(__xludf.DUMMYFUNCTION("TEXT(VALUE(REGEXEXTRACT(D67,""^[+-]?[0-9]*\.?[0-9]+""))*100,""0.00"")&"" +/- ""&TEXT(VALUE(REGEXEXTRACT(D67,""[0-9]*\.?[0-9]+$""))*100,""0.00"")"),"78.15 +/- 1.06") -> 78.15 +/- 1.06 | M67: =IFERROR(__xludf.DUMMYFUNCTION("TEXT(VALUE(REGEXEXTRACT(E67,""^[+-]?[0-9]*\.?[0-9]+""))*100,""0.00"")&"" +/- ""&TEXT(VALUE(REGEXEXTRACT(E67,""[0-9]*\.?[0-9]+$""))*100,""0.00"")"),"80.80 +/- 1.01") -> 80.80 +/- 1.01 | N67: =IFERROR(__xludf.DUMMYFUNCTION("TEXT(VALUE(REGEXEXTRACT(F67,""^[+-]?[0-9]*\.?[0-9]+""))*100,""0.00"")&"" +/- ""&TEXT(VALUE(REGEXEXTRACT(F67,""[0-9]*\.?[0-9]+$""))*100,""0.00"")"),"80.06 +/- 0.59") -> 80.06 +/- 0.59 | O67: =IFERROR(__xludf.DUMMYFUNCTION("TEXT(VALUE(REGEXEXTRACT(G67,""^[+-]?[0-9]*\.?[0-9]+""))*100,""0.00"")&"" +/- ""&TEXT(VALUE(REGEXEXTRACT(G67,""[0-9]*\.?[0-9]+$""))*100,""0.00"")"),"80.87 +/- 0.45") -> 80.87 +/- 0.45 | P67: =IFERROR(__xludf.DUMMYFUNCTION("TEXT(VALUE(REGEXEXTRACT(H67,""^[+-]?[0-9]*\.?[0-9]+""))*100,""0.00"")&"" +/- ""&TEXT(VALUE(REGEXEXTRACT(H67,""[0-9]*\.?[0-9]+$""))*100,""0.00"")"),"54.46 +/- 2.32") -> 54.46 +/- 2.32
A68: LC→ML | B68: 0.6798 +/- 0.0157 | C68: 0.6692 +/- 0.0115 | D68: 0.6999 +/- 0.0123 | E68: 0.6756 +/- 0.0214 | F68: 0.6239 +/- 0.0115 | G68: 0.6572 +/- 0.0156 | H68: 0.6710 +/- 0.0239 | I68: =A68 -> LC→ML | J68: =IFERROR(__xludf.DUMMYFUNCTION("TEXT(VALUE(REGEXEXTRACT(B68,""^[+-]?[0-9]*\.?[0-9]+""))*100,""0.00"")&"" +/- ""&TEXT(VALUE(REGEXEXTRACT(B68,""[0-9]*\.?[0-9]+$""))*100,""0.00"")"),"67.98 +/- 1.57") -> 67.98 +/- 1.57 | K68: =IFERROR(__xludf.DUMMYFUNCTION("TEXT(VALUE(REGEXEXTRACT(C68,""^[+-]?[0-9]*\.?[0-9]+""))*100,""0.00"")&"" +/- ""&TEXT(VALUE(REGEXEXTRACT(C68,""[0-9]*\.?[0-9]+$""))*100,""0.00"")"),"66.92 +/- 1.15") -> 66.92 +/- 1.15 | L68: =IFERROR(__xludf.DUMMYFUNCTION("TEXT(VALUE(REGEXEXTRACT(D68,""^[+-]?[0-9]*\.?[0-9]+""))*100,""0.00"")&"" +/- ""&TEXT(VALUE(REGEXEXTRACT(D68,""[0-9]*\.?[0-9]+$""))*100,""0.00"")"),"69.99 +/- 1.23") -> 69.99 +/- 1.23 | M68: =IFERROR(__xludf.DUMMYFUNCTION("TEXT(VALUE(REGEXEXTRACT(E68,""^[+-]?[0-9]*\.?[0-9]+""))*100,""0.00"")&"" +/- ""&TEXT(VALUE(REGEXEXTRACT(E68,""[0-9]*\.?[0-9]+$""))*100,""0.00"")"),"67.56 +/- 2.14") -> 67.56 +/- 2.14 | N68: =IFERROR(__xludf.DUMMYFUNCTION("TEXT(VALUE(REGEXEXTRACT(F68,""^[+-]?[0-9]*\.?[0-9]+""))*100,""0.00"")&"" +/- ""&TEXT(VALUE(REGEXEXTRACT(F68,""[0-9]*\.?[0-9]+$""))*100,""0.00"")"),"62.39 +/- 1.15") -> 62.39 +/- 1.15 | O68: =IFERROR(__xludf.DUMMYFUNCTION("TEXT(VALUE(REGEXEXTRACT(G68,""^[+-]?[0-9]*\.?[0-9]+""))*100,""0.00"")&"" +/- ""&TEXT(VALUE(REGEXEXTRACT(G68,""[0-9]*\.?[0-9]+$""))*100,""0.00"")"),"65.72 +/- 1.56") -> 65.72 +/- 1.56 | P68: =IFERROR(__xludf.DUMMYFUNCTION("TEXT(VALUE(REGEXEXTRACT(H68,""^[+-]?[0-9]*\.?[0-9]+""))*100,""0.00"")&"" +/- ""&TEXT(VALUE(REGEXEXTRACT(H68,""[0-9]*\.?[0-9]+$""))*100,""0.00"")"),"67.10 +/- 2.39") -> 67.10 +/- 2.39
A69: LC→PDE | B69: 0.7332 +/- 0.0046 | C69: 0.7118 +/- 0.0126 | D69: 0.7275 +/- 0.0063 | E69: 0.7284 +/- 0.0116 | F69: 0.7330 +/- 0.0042 | G69: 0.7372 +/- 0.0062 | H69: 0.4962 +/- 0.0170 | I69: =A69 -> LC→PDE | J69: =IFERROR(__xludf.DUMMYFUNCTION("TEXT(VALUE(REGEXEXTRACT(B69,""^[+-]?[0-9]*\.?[0-9]+""))*100,""0.00"")&"" +/- ""&TEXT(VALUE(REGEXEXTRACT(B69,""[0-9]*\.?[0-9]+$""))*100,""0.00"")"),"73.32 +/- 0.46") -> 73.32 +/- 0.46 | K69: =IFERROR(__xludf.DUMMYFUNCTION("TEXT(VALUE(REGEXEXTRACT(C69,""^[+-]?[0-9]*\.?[0-9]+""))*100,""0.00"")&"" +/- ""&TEXT(VALUE(REGEXEXTRACT(C69,""[0-9]*\.?[0-9]+$""))*100,""0.00"")"),"71.18 +/- 1.26") -> 71.18 +/- 1.26 | L69: =IFERROR(__xludf.DUMMYFUNCTION("TEXT(VALUE(REGEXEXTRACT(D69,""^[+-]?[0-9]*\.?[0-9]+""))*100,""0.00"")&"" +/- ""&TEXT(VALUE(REGEXEXTRACT(D69,""[0-9]*\.?[0-9]+$""))*100,""0.00"")"),"72.75 +/- 0.63") -> 72.75 +/- 0.63 | M69: =IFERROR(__xludf.DUMMYFUNCTION("TEXT(VALUE(REGEXEXTRACT(E69,""^[+-]?[0-9]*\.?[0-9]+""))*100,""0.00"")&"" +/- ""&TEXT(VALUE(REGEXEXTRACT(E69,""[0-9]*\.?[0-9]+$""))*100,""0.00"")"),"72.84 +/- 1.16") -> 72.84 +/- 1.16 | N69: =IFERROR(__xludf.DUMMYFUNCTION("TEXT(VALUE(REGEXEXTRACT(F69,""^[+-]?[0-9]*\.?[0-9]+""))*100,""0.00"")&"" +/- ""&TEXT(VALUE(REGEXEXTRACT(F69,""[0-9]*\.?[0-9]+$""))*100,""0.00"")"),"73.30 +/- 0.42") -> 73.30 +/- 0.42 | O69: =IFERROR(__xludf.DUMMYFUNCTION("TEXT(VALUE(REGEXEXTRACT(G69,""^[+-]?[0-9]*\.?[0-9]+""))*100,""0.00"")&"" +/- ""&TEXT(VALUE(REGEXEXTRACT(G69,""[0-9]*\.?[0-9]+$""))*100,""0.00"")"),"73.72 +/- 0.62") -> 73.72 +/- 0.62 | P69: =IFERROR(__xludf.DUMMYFUNCTION("TEXT(VALUE(REGEXEXTRACT(H69,""^[+-]?[0-9]*\.?[0-9]+""))*100,""0.00"")&"" +/- ""&TEXT(VALUE(REGEXEXTRACT(H69,""[0-9]*\.?[0-9]+$""))*100,""0.00"")"),"49.62 +/- 1.70") -> 49.62 +/- 1.70
A70: ML→EQ | B70: 0.6702 +/- 0.0371 | C70: 0.7342 +/- 0.0333 | D70: 0.7461 +/- 0.0162 | E70: 0.6707 +/- 0.0574 | F70: 0.6066 +/- 0.0410 | G70: 0.6132 +/- 0.0479 | H70: 0.3517 +/- 0.0437 | I70: =A70 -> ML→EQ | J70: =IFERROR(__xludf.DUMMYFUNCTION("TEXT(VALUE(REGEXEXTRACT(B70,""^[+-]?[0-9]*\.?[0-9]+""))*100,""0.00"")&"" +/- ""&TEXT(VALUE(REGEXEXTRACT(B70,""[0-9]*\.?[0-9]+$""))*100,""0.00"")"),"67.02 +/- 3.71") -> 67.02 +/- 3.71 | K70: =IFERROR(__xludf.DUMMYFUNCTION("TEXT(VALUE(REGEXEXTRACT(C70,""^[+-]?[0-9]*\.?[0-9]+""))*100,""0.00"")&"" +/- ""&TEXT(VALUE(REGEXEXTRACT(C70,""[0-9]*\.?[0-9]+$""))*100,""0.00"")"),"73.42 +/- 3.33") -> 73.42 +/- 3.33 | L70: =IFERROR(__xludf.DUMMYFUNCTION("TEXT(VALUE(REGEXEXTRACT(D70,""^[+-]?[0-9]*\.?[0-9]+""))*100,""0.00"")&"" +/- ""&TEXT(VALUE(REGEXEXTRACT(D70,""[0-9]*\.?[0-9]+$""))*100,""0.00"")"),"74.61 +/- 1.62") -> 74.61 +/- 1.62 | M70: =IFERROR(__xludf.DUMMYFUNCTION("TEXT(VALUE(REGEXEXTRACT(E70,""^[+-]?[0-9]*\.?[0-9]+""))*100,""0.00"")&"" +/- ""&TEXT(VALUE(REGEXEXTRACT(E70,""[0-9]*\.?[0-9]+$""))*100,""0.00"")"),"67.07 +/- 5.74") -> 67.07 +/- 5.74 | N70: =IFERROR(__xludf.DUMMYFUNCTION("TEXT(VALUE(REGEXEXTRACT(F70,""^[+-]?[0-9]*\.?[0-9]+""))*100,""0.00"")&"" +/- ""&TEXT(VALUE(REGEXEXTRACT(F70,""[0-9]*\.?[0-9]+$""))*100,""0.00"")"),"60.66 +/- 4.10") -> 60.66 +/- 4.10 | O70: =IFERROR(__xludf.DUMMYFUNCTION("TEXT(VALUE(REGEXEXTRACT(G70,""^[+-]?[0-9]*\.?[0-9]+""))*100,""0.00"")&"" +/- ""&TEXT(VALUE(REGEXEXTRACT(G70,""[0-9]*\.?[0-9]+$""))*100,""0.00"")"),"61.32 +/- 4.79") -> 61.32 +/- 4.79 | P70: =IFERROR(__xludf.DUMMYFUNCTION("TEXT(VALUE(REGEXEXTRACT(H70,""^[+-]?[0-9]*\.?[0-9]+""))*100,""0.00"")&"" +/- ""&TEXT(VALUE(REGEXEXTRACT(H70,""[0-9]*\.?[0-9]+$""))*100,""0.00"")"),"35.17 +/- 4.37") -> 35.17 +/- 4.37
A71: ML→JDT | B71: 0.7746 +/- 0.0101 | C71: 0.7047 +/- 0.0206 | D71: 0.7557 +/- 0.0072 | E71: 0.7492 +/- 0.0206 | F71: 0.7527 +/- 0.0153 | G71: 0.7643 +/- 0.0095 | H71: 0.3520 +/- 0.0161 | I71: =A71 -> ML→JDT | J71: =IFERROR(__xludf.DUMMYFUNCTION("TEXT(VALUE(REGEXEXTRACT(B71,""^[+-]?[0-9]*\.?[0-9]+""))*100,""0.00"")&"" +/- ""&TEXT(VALUE(REGEXEXTRACT(B71,""[0-9]*\.?[0-9]+$""))*100,""0.00"")"),"77.46 +/- 1.01") -> 77.46 +/- 1.01 | K71: =IFERROR(__xludf.DUMMYFUNCTION("TEXT(VALUE(REGEXEXTRACT(C71,""^[+-]?[0-9]*\.?[0-9]+""))*100,""0.00"")&"" +/- ""&TEXT(VALUE(REGEXEXTRACT(C71,""[0-9]*\.?[0-9]+$""))*100,""0.00"")"),"70.47 +/- 2.06") -> 70.47 +/- 2.06 | L71: =IFERROR(__xludf.DUMMYFUNCTION("TEXT(VALUE(REGEXEXTRACT(D71,""^[+-]?[0-9]*\.?[0-9]+""))*100,""0.00"")&"" +/- ""&TEXT(VALUE(REGEXEXTRACT(D71,""[0-9]*\.?[0-9]+$""))*100,""0.00"")"),"75.57 +/- 0.72") -> 75.57 +/- 0.72 | M71: =IFERROR(__xludf.DUMMYFUNCTION("TEXT(VALUE(REGEXEXTRACT(E71,""^[+-]?[0-9]*\.?[0-9]+""))*100,""0.00"")&"" +/- ""&TEXT(VALUE(REGEXEXTRACT(E71,""[0-9]*\.?[0-9]+$""))*100,""0.00"")"),"74.92 +/- 2.06") -> 74.92 +/- 2.06 | N71: =IFERROR(__xludf.DUMMYFUNCTION("TEXT(VALUE(REGEXEXTRACT(F71,""^[+-]?[0-9]*\.?[0-9]+""))*100,""0.00"")&"" +/- ""&TEXT(VALUE(REGEXEXTRACT(F71,""[0-9]*\.?[0-9]+$""))*100,""0.00"")"),"75.27 +/- 1.53") -> 75.27 +/- 1.53 | O71: =IFERROR(__xludf.DUMMYFUNCTION("TEXT(VALUE(REGEXEXTRACT(G71,""^[+-]?[0-9]*\.?[0-9]+""))*100,""0.00"")&"" +/- ""&TEXT(VALUE(REGEXEXTRACT(G71,""[0-9]*\.?[0-9]+$""))*100,""0.00"")"),"76.43 +/- 0.95") -> 76.43 +/- 0.95 | P71: =IFERROR(__xludf.DUMMYFUNCTION("TEXT(VALUE(REGEXEXTRACT(H71,""^[+-]?[0-9]*\.?[0-9]+""))*100,""0.00"")&"" +/- ""&TEXT(VALUE(REGEXEXTRACT(H71,""[0-9]*\.?[0-9]+$""))*100,""0.00"")"),"35.20 +/- 1.61") -> 35.20 +/- 1.61
A72: ML→LC | B72: 0.7506 +/- 0.0080 | C72: 0.7672 +/- 0.0102 | D72: 0.7619 +/- 0.0075 | E72: 0.7405 +/- 0.0156 | F72: 0.7360 +/- 0.0115 | G72: 0.7346 +/- 0.0126 | H72: 0.4470 +/- 0.0297 | I72: =A72 -> ML→LC | J72: =IFERROR(__xludf.DUMMYFUNCTION("TEXT(VALUE(REGEXEXTRACT(B72,""^[+-]?[0-9]*\.?[0-9]+""))*100,""0.00"")&"" +/- ""&TEXT(VALUE(REGEXEXTRACT(B72,""[0-9]*\.?[0-9]+$""))*100,""0.00"")"),"75.06 +/- 0.80") -> 75.06 +/- 0.80 | K72: =IFERROR(__xludf.DUMMYFUNCTION("TEXT(VALUE(REGEXEXTRACT(C72,""^[+-]?[0-9]*\.?[0-9]+""))*100,""0.00"")&"" +/- ""&TEXT(VALUE(REGEXEXTRACT(C72,""[0-9]*\.?[0-9]+$""))*100,""0.00"")"),"76.72 +/- 1.02") -> 76.72 +/- 1.02 | L72: =IFERROR(__xludf.DUMMYFUNCTION("TEXT(VALUE(REGEXEXTRACT(D72,""^[+-]?[0-9]*\.?[0-9]+""))*100,""0.00"")&"" +/- ""&TEXT(VALUE(REGEXEXTRACT(D72,""[0-9]*\.?[0-9]+$""))*100,""0.00"")"),"76.19 +/- 0.75") -> 76.19 +/- 0.75 | M72: =IFERROR(__xludf.DUMMYFUNCTION("TEXT(VALUE(REGEXEXTRACT(E72,""^[+-]?[0-9]*\.?[0-9]+""))*100,""0.00"")&"" +/- ""&TEXT(VALUE(REGEXEXTRACT(E72,""[0-9]*\.?[0-9]+$""))*100,""0.00"")"),"74.05 +/- 1.56") -> 74.05 +/- 1.56 | N72: =IFERROR(__xludf.DUMMYFUNCTION("TEXT(VALUE(REGEXEXTRACT(F72,""^[+-]?[0-9]*\.?[0-9]+""))*100,""0.00"")&"" +/- ""&TEXT(VALUE(REGEXEXTRACT(F72,""[0-9]*\.?[0-9]+$""))*100,""0.00"")"),"73.60 +/- 1.15") -> 73.60 +/- 1.15 | O72: =IFERROR(__xludf.DUMMYFUNCTION("TEXT(VALUE(REGEXEXTRACT(G72,""^[+-]?[0-9]*\.?[0-9]+""))*100,""0.00"")&"" +/- ""&TEXT(VALUE(REGEXEXTRACT(G72,""[0-9]*\.?[0-9]+$""))*100,""0.00"")"),"73.46 +/- 1.26") -> 73.46 +/- 1.26 | P72: =IFERROR(__xludf.DUMMYFUNCTION("TEXT(VALUE(REGEXEXTRACT(H72,""^[+-]?[0-9]*\.?[0-9]+""))*100,""0.00"")&"" +/- ""&TEXT(VALUE(REGEXEXTRACT(H72,""[0-9]*\.?[0-9]+$""))*100,""0.00"")"),"44.70 +/- 2.97") -> 44.70 +/- 2.97
A73: ML→PDE | B73: 0.7196 +/- 0.0046 | C73: 0.7293 +/- 0.0148 | D73: 0.7222 +/- 0.0071 | E73: 0.6825 +/- 0.0175 | F73: 0.7275 +/- 0.0102 | G73: 0.7207 +/- 0.0106 | H73: 0.4191 +/- 0.0064 | I73: =A73 -> ML→PDE | J73: =IFERROR(__xludf.DUMMYFUNCTION("TEXT(VALUE(REGEXEXTRACT(B73,""^[+-]?[0-9]*\.?[0-9]+""))*100,""0.00"")&"" +/- ""&TEXT(VALUE(REGEXEXTRACT(B73,""[0-9]*\.?[0-9]+$""))*100,""0.00"")"),"71.96 +/- 0.46") -> 71.96 +/- 0.46 | K73: =IFERROR(__xludf.DUMMYFUNCTION("TEXT(VALUE(REGEXEXTRACT(C73,""^[+-]?[0-9]*\.?[0-9]+""))*100,""0.00"")&"" +/- ""&TEXT(VALUE(REGEXEXTRACT(C73,""[0-9]*\.?[0-9]+$""))*100,""0.00"")"),"72.93 +/- 1.48") -> 72.93 +/- 1.48 | L73: =IFERROR(__xludf.DUMMYFUNCTION("TEXT(VALUE(REGEXEXTRACT(D73,""^[+-]?[0-9]*\.?[0-9]+""))*100,""0.00"")&"" +/- ""&TEXT(VALUE(REGEXEXTRACT(D73,""[0-9]*\.?[0-9]+$""))*100,""0.00"")"),"72.22 +/- 0.71") -> 72.22 +/- 0.71 | M73: =IFERROR(__xludf.DUMMYFUNCTION("TEXT(VALUE(REGEXEXTRACT(E73,""^[+-]?[0-9]*\.?[0-9]+""))*100,""0.00"")&"" +/- ""&TEXT(VALUE(REGEXEXTRACT(E73,""[0-9]*\.?[0-9]+$""))*100,""0.00"")"),"68.25 +/- 1.75") -> 68.25 +/- 1.75 | N73: =IFERROR(__xludf.DUMMYFUNCTION("TEXT(VALUE(REGEXEXTRACT(F73,""^[+-]?[0-9]*\.?[0-9]+""))*100,""0.00"")&"" +/- ""&TEXT(VALUE(REGEXEXTRACT(F73,""[0-9]*\.?[0-9]+$""))*100,""0.00"")"),"72.75 +/- 1.02") -> 72.75 +/- 1.02 | O73: =IFERROR(__xludf.DUMMYFUNCTION("TEXT(VALUE(REGEXEXTRACT(G73,""^[+-]?[0-9]*\.?[0-9]+""))*100,""0.00"")&"" +/- ""&TEXT(VALUE(REGEXEXTRACT(G73,""[0-9]*\.?[0-9]+$""))*100,""0.00"")"),"72.07 +/- 1.06") -> 72.07 +/- 1.06 | P73: =IFERROR(__xludf.DUMMYFUNCTION("TEXT(VALUE(REGEXEXTRACT(H73,""^[+-]?[0-9]*\.?[0-9]+""))*100,""0.00"")&"" +/- ""&TEXT(VALUE(REGEXEXTRACT(H73,""[0-9]*\.?[0-9]+$""))*100,""0.00"")"),"41.91 +/- 0.64") -> 41.91 +/- 0.64
A74: PDE→EQ | B74: 0.7077 +/- 0.0249 | C74: 0.7045 +/- 0.0344 | D74: 0.7939 +/- 0.0117 | E74: 0.7284 +/- 0.0430 | F74: 0.6331 +/- 0.0609 | G74: 0.6973 +/- 0.0442 | H74: 0.3814 +/- 0.0543 | I74: =A74 -> PDE→EQ | J74: =IFERROR(__xludf.DUMMYFUNCTION("TEXT(VALUE(REGEXEXTRACT(B74,""^[+-]?[0-9]*\.?[0-9]+""))*100,""0.00"")&"" +/- ""&TEXT(VALUE(REGEXEXTRACT(B74,""[0-9]*\.?[0-9]+$""))*100,""0.00"")"),"70.77 +/- 2.49") -> 70.77 +/- 2.49 | K74: =IFERROR(__xludf.DUMMYFUNCTION("TEXT(VALUE(REGEXEXTRACT(C74,""^[+-]?[0-9]*\.?[0-9]+""))*100,""0.00"")&"" +/- ""&TEXT(VALUE(REGEXEXTRACT(C74,""[0-9]*\.?[0-9]+$""))*100,""0.00"")"),"70.45 +/- 3.44") -> 70.45 +/- 3.44 | L74: =IFERROR(__xludf.DUMMYFUNCTION("TEXT(VALUE(REGEXEXTRACT(D74,""^[+-]?[0-9]*\.?[0-9]+""))*100,""0.00"")&"" +/- ""&TEXT(VALUE(REGEXEXTRACT(D74,""[0-9]*\.?[0-9]+$""))*100,""0.00"")"),"79.39 +/- 1.17") -> 79.39 +/- 1.17 | M74: =IFERROR(__xludf.DUMMYFUNCTION("TEXT(VALUE(REGEXEXTRACT(E74,""^[+-]?[0-9]*\.?[0-9]+""))*100,""0.00"")&"" +/- ""&TEXT(VALUE(REGEXEXTRACT(E74,""[0-9]*\.?[0-9]+$""))*100,""0.00"")"),"72.84 +/- 4.30") -> 72.84 +/- 4.30 | N74: =IFERROR(__xludf.DUMMYFUNCTION("TEXT(VALUE(REGEXEXTRACT(F74,""^[+-]?[0-9]*\.?[0-9]+""))*100,""0.00"")&"" +/- ""&TEXT(VALUE(REGEXEXTRACT(F74,""[0-9]*\.?[0-9]+$""))*100,""0.00"")"),"63.31 +/- 6.09") -> 63.31 +/- 6.09 | O74: =IFERROR(__xludf.DUMMYFUNCTION("TEXT(VALUE(REGEXEXTRACT(G74,""^[+-]?[0-9]*\.?[0-9]+""))*100,""0.00"")&"" +/- ""&TEXT(VALUE(REGEXEXTRACT(G74,""[0-9]*\.?[0-9]+$""))*100,""0.00"")"),"69.73 +/- 4.42") -> 69.73 +/- 4.42 | P74: =IFERROR(__xludf.DUMMYFUNCTION("TEXT(VALUE(REGEXEXTRACT(H74,""^[+-]?[0-9]*\.?[0-9]+""))*100,""0.00"")&"" +/- ""&TEXT(VALUE(REGEXEXTRACT(H74,""[0-9]*\.?[0-9]+$""))*100,""0.00"")"),"38.14 +/- 5.43") -> 38.14 +/- 5.43
A75: PDE→JDT | B75: 0.8035 +/- 0.0048 | C75: 0.7926 +/- 0.0139 | D75: 0.7840 +/- 0.0062 | E75: 0.7863 +/- 0.0078 | F75: 0.7815 +/- 0.0131 | G75: 0.7884 +/- 0.0103 | H75: 0.5935 +/- 0.0305 | I75: =A75 -> PDE→JDT | J75: =IFERROR(__xludf.DUMMYFUNCTION("TEXT(VALUE(REGEXEXTRACT(B75,""^[+-]?[0-9]*\.?[0-9]+""))*100,""0.00"")&"" +/- ""&TEXT(VALUE(REGEXEXTRACT(B75,""[0-9]*\.?[0-9]+$""))*100,""0.00"")"),"80.35 +/- 0.48") -> 80.35 +/- 0.48 | K75: =IFERROR(__xludf.DUMMYFUNCTION("TEXT(VALUE(REGEXEXTRACT(C75,""^[+-]?[0-9]*\.?[0-9]+""))*100,""0.00"")&"" +/- ""&TEXT(VALUE(REGEXEXTRACT(C75,""[0-9]*\.?[0-9]+$""))*100,""0.00"")"),"79.26 +/- 1.39") -> 79.26 +/- 1.39 | L75: =IFERROR(__xludf.DUMMYFUNCTION("TEXT(VALUE(REGEXEXTRACT(D75,""^[+-]?[0-9]*\.?[0-9]+""))*100,""0.00"")&"" +/- ""&TEXT(VALUE(REGEXEXTRACT(D75,""[0-9]*\.?[0-9]+$""))*100,""0.00"")"),"78.40 +/- 0.62") -> 78.40 +/- 0.62 | M75: =IFERROR(__xludf.DUMMYFUNCTION("TEXT(VALUE(REGEXEXTRACT(E75,""^[+-]?[0-9]*\.?[0-9]+""))*100,""0.00"")&"" +/- ""&TEXT(VALUE(REGEXEXTRACT(E75,""[0-9]*\.?[0-9]+$""))*100,""0.00"")"),"78.63 +/- 0.78") -> 78.63 +/- 0.78 | N75: =IFERROR(__xludf.DUMMYFUNCTION("TEXT(VALUE(REGEXEXTRACT(F75,""^[+-]?[0-9]*\.?[0-9]+""))*100,""0.00"")&"" +/- ""&TEXT(VALUE(REGEXEXTRACT(F75,""[0-9]*\.?[0-9]+$""))*100,""0.00"")"),"78.15 +/- 1.31") -> 78.15 +/- 1.31 | O75: =IFERROR(__xludf.DUMMYFUNCTION("TEXT(VALUE(REGEXEXTRACT(G75,""^[+-]?[0-9]*\.?[0-9]+""))*100,""0.00"")&"" +/- ""&TEXT(VALUE(REGEXEXTRACT(G75,""[0-9]*\.?[0-9]+$""))*100,""0.00"")"),"78.84 +/- 1.03") -> 78.84 +/- 1.03 | P75: =IFERROR(__xludf.DUMMYFUNCTION("TEXT(VALUE(REGEXEXTRACT(H75,""^[+-]?[0-9]*\.?[0-9]+""))*100,""0.00"")&"" +/- ""&TEXT(VALUE(REGEXEXTRACT(H75,""[0-9]*\.?[0-9]+$""))*100,""0.00"")"),"59.35 +/- 3.05") -> 59.35 +/- 3.05
A76: PDE→LC | B76: 0.7754 +/- 0.0092 | C76: 0.7575 +/- 0.0123 | D76: 0.7766 +/- 0.0075 | E76: 0.7459 +/- 0.0131 | F76: 0.6904 +/- 0.0227 | G76: 0.7081 +/- 0.0175 | H76: 0.7350 +/- 0.0206 | I76: =A76 -> PDE→LC | J76: =IFERROR(__xludf.DUMMYFUNCTION("TEXT(VALUE(REGEXEXTRACT(B76,""^[+-]?[0-9]*\.?[0-9]+""))*100,""0.00"")&"" +/- ""&TEXT(VALUE(REGEXEXTRACT(B76,""[0-9]*\.?[0-9]+$""))*100,""0.00"")"),"77.54 +/- 0.92") -> 77.54 +/- 0.92 | K76: =IFERROR(__xludf.DUMMYFUNCTION("TEXT(VALUE(REGEXEXTRACT(C76,""^[+-]?[0-9]*\.?[0-9]+""))*100,""0.00"")&"" +/- ""&TEXT(VALUE(REGEXEXTRACT(C76,""[0-9]*\.?[0-9]+$""))*100,""0.00"")"),"75.75 +/- 1.23") -> 75.75 +/- 1.23 | L76: =IFERROR(__xludf.DUMMYFUNCTION("TEXT(VALUE(REGEXEXTRACT(D76,""^[+-]?[0-9]*\.?[0-9]+""))*100,""0.00"")&"" +/- ""&TEXT(VALUE(REGEXEXTRACT(D76,""[0-9]*\.?[0-9]+$""))*100,""0.00"")"),"77.66 +/- 0.75") -> 77.66 +/- 0.75 | M76: =IFERROR(__xludf.DUMMYFUNCTION("TEXT(VALUE(REGEXEXTRACT(E76,""^[+-]?[0-9]*\.?[0-9]+""))*100,""0.00"")&"" +/- ""&TEXT(VALUE(REGEXEXTRACT(E76,""[0-9]*\.?[0-9]+$""))*100,""0.00"")"),"74.59 +/- 1.31") -> 74.59 +/- 1.31 | N76: =IFERROR(__xludf.DUMMYFUNCTION("TEXT(VALUE(REGEXEXTRACT(F76,""^[+-]?[0-9]*\.?[0-9]+""))*100,""0.00"")&"" +/- ""&TEXT(VALUE(REGEXEXTRACT(F76,""[0-9]*\.?[0-9]+$""))*100,""0.00"")"),"69.04 +/- 2.27") -> 69.04 +/- 2.27 | O76: =IFERROR(__xludf.DUMMYFUNCTION("TEXT(VALUE(REGEXEXTRACT(G76,""^[+-]?[0-9]*\.?[0-9]+""))*100,""0.00"")&"" +/- ""&TEXT(VALUE(REGEXEXTRACT(G76,""[0-9]*\.?[0-9]+$""))*100,""0.00"")"),"70.81 +/- 1.75") -> 70.81 +/- 1.75 | P76: =IFERROR(__xludf.DUMMYFUNCTION("TEXT(VALUE(REGEXEXTRACT(H76,""^[+-]?[0-9]*\.?[0-9]+""))*100,""0.00"")&"" +/- ""&TEXT(VALUE(REGEXEXTRACT(H76,""[0-9]*\.?[0-9]+$""))*100,""0.00"")"),"73.50 +/- 2.06") -> 73.50 +/- 2.06
A77: PDE→ML | B77: 0.6851 +/- 0.0149 | C77: 0.7221 +/- 0.0116 | D77: 0.6840 +/- 0.0091 | E77: 0.6956 +/- 0.0127 | F77: 0.6457 +/- 0.0183 | G77: 0.6568 +/- 0.0167 | H77: 0.6528 +/- 0.0292 | I77: =A77 -> PDE→ML | J77: =IFERROR(__xludf.DUMMYFUNCTION("TEXT(VALUE(REGEXEXTRACT(B77,""^[+-]?[0-9]*\.?[0-9]+""))*100,""0.00"")&"" +/- ""&TEXT(VALUE(REGEXEXTRACT(B77,""[0-9]*\.?[0-9]+$""))*100,""0.00"")"),"68.51 +/- 1.49") -> 68.51 +/- 1.49 | K77: =IFERROR(__xludf.DUMMYFUNCTION("TEXT(VALUE(REGEXEXTRACT(C77,""^[+-]?[0-9]*\.?[0-9]+""))*100,""0.00"")&"" +/- ""&TEXT(VALUE(REGEXEXTRACT(C77,""[0-9]*\.?[0-9]+$""))*100,""0.00"")"),"72.21 +/- 1.16") -> 72.21 +/- 1.16 | L77: =IFERROR(__xludf.DUMMYFUNCTION("TEXT(VALUE(REGEXEXTRACT(D77,""^[+-]?[0-9]*\.?[0-9]+""))*100,""0.00"")&"" +/- ""&TEXT(VALUE(REGEXEXTRACT(D77,""[0-9]*\.?[0-9]+$""))*100,""0.00"")"),"68.40 +/- 0.91") -> 68.40 +/- 0.91 | M77: =IFERROR(__xludf.DUMMYFUNCTION("TEXT(VALUE(REGEXEXTRACT(E77,""^[+-]?[0-9]*\.?[0-9]+""))*100,""0.00"")&"" +/- ""&TEXT(VALUE(REGEXEXTRACT(E77,""[0-9]*\.?[0-9]+$""))*100,""0.00"")"),"69.56 +/- 1.27") -> 69.56 +/- 1.27 | N77: =IFERROR(__xludf.DUMMYFUNCTION("TEXT(VALUE(REGEXEXTRACT(F77,""^[+-]?[0-9]*\.?[0-9]+""))*100,""0.00"")&"" +/- ""&TEXT(VALUE(REGEXEXTRACT(F77,""[0-9]*\.?[0-9]+$""))*100,""0.00"")"),"64.57 +/- 1.83") -> 64.57 +/- 1.83 | O77: =IFERROR(__xludf.DUMMYFUNCTION("TEXT(VALUE(REGEXEXTRACT(G77,""^[+-]?[0-9]*\.?[0-9]+""))*100,""0.00"")&"" +/- ""&TEXT(VALUE(REGEXEXTRACT(G77,""[0-9]*\.?[0-9]+$""))*100,""0.00"")"),"65.68 +/- 1.67") -> 65.68 +/- 1.67 | P77: =IFERROR(__xludf.DUMMYFUNCTION("TEXT(VALUE(REGEXEXTRACT(H77,""^[+-]?[0-9]*\.?[0-9]+""))*100,""0.00"")&"" +/- ""&TEXT(VALUE(REGEXEXTRACT(H77,""[0-9]*\.?[0-9]+$""))*100,""0.00"")"),"65.28 +/- 2.92") -> 65.28 +/- 2.92
A78: W/T/L | C78: 9/0/11 | D78: 11/0/9 | E78: 16/0/4 | F78: 18/0/2 | G78: 16/0/4 | H78: 18/0/2 | I78: =A78 -> W/T/L | J78: — | K78: =IFERROR(__xludf.DUMMYFUNCTION("SUM(ARRAYFORMULA(IFERROR( (VALUE(REGEXEXTRACT($J$58:$J$77,""^[+-]?[0-9]*\.?[0-9]+""))> VALUE(REGEXEXTRACT(K$58:K$77,""^[+-]?[0-9]*\.?[0-9]+"")))*1,0))) &""/""& SUM(ARRAYFORMULA(IFERROR( (VALUE(REGEXEXTRACT($J$58:$J$77,""^[+-]?[0-9]*\.?[0-9]+""))= "&" VALUE(REGEXEXTRACT(K$58:K$77,""^[+-]?[0-9]*\.?[0-9]+"")))*1,0))) &""/""& SUM(ARRAYFORMULA(IFERROR( (VALUE(REGEXEXTRACT($J$58:$J$77,""^[+-]?[0-9]*\.?[0-9]+""))< VALUE(REGEXEXTRACT(K$58:K$77,""^[+-]?[0-9]*\.?[0-9]+"")))*1,0)))"),"9/0/11") -> 9/0/11 | L78: =IFERROR(__xludf.DUMMYFUNCTION("SUM(ARRAYFORMULA(IFERROR( (VALUE(REGEXEXTRACT($J$58:$J$77,""^[+-]?[0-9]*\.?[0-9]+""))> VALUE(REGEXEXTRACT(L$58:L$77,""^[+-]?[0-9]*\.?[0-9]+"")))*1,0))) &""/""& SUM(ARRAYFORMULA(IFERROR( (VALUE(REGEXEXTRACT($J$58:$J$77,""^[+-]?[0-9]*\.?[0-9]+""))= "&" VALUE(REGEXEXTRACT(L$58:L$77,""^[+-]?[0-9]*\.?[0-9]+"")))*1,0))) &""/""& SUM(ARRAYFORMULA(IFERROR( (VALUE(REGEXEXTRACT($J$58:$J$77,""^[+-]?[0-9]*\.?[0-9]+""))< VALUE(REGEXEXTRACT(L$58:L$77,""^[+-]?[0-9]*\.?[0-9]+"")))*1,0)))"),"11/0/9") -> 11/0/9 | M78: =IFERROR(__xludf.DUMMYFUNCTION("SUM(ARRAYFORMULA(IFERROR( (VALUE(REGEXEXTRACT($J$58:$J$77,""^[+-]?[0-9]*\.?[0-9]+""))> VALUE(REGEXEXTRACT(M$58:M$77,""^[+-]?[0-9]*\.?[0-9]+"")))*1,0))) &""/""& SUM(ARRAYFORMULA(IFERROR( (VALUE(REGEXEXTRACT($J$58:$J$77,""^[+-]?[0-9]*\.?[0-9]+""))= "&" VALUE(REGEXEXTRACT(M$58:M$77,""^[+-]?[0-9]*\.?[0-9]+"")))*1,0))) &""/""& SUM(ARRAYFORMULA(IFERROR( (VALUE(REGEXEXTRACT($J$58:$J$77,""^[+-]?[0-9]*\.?[0-9]+""))< VALUE(REGEXEXTRACT(M$58:M$77,""^[+-]?[0-9]*\.?[0-9]+"")))*1,0)))"),"16/0/4") -> 16/0/4 | N78: =IFERROR(__xludf.DUMMYFUNCTION("SUM(ARRAYFORMULA(IFERROR( (VALUE(REGEXEXTRACT($J$58:$J$77,""^[+-]?[0-9]*\.?[0-9]+""))> VALUE(REGEXEXTRACT(N$58:N$77,""^[+-]?[0-9]*\.?[0-9]+"")))*1,0))) &""/""& SUM(ARRAYFORMULA(IFERROR( (VALUE(REGEXEXTRACT($J$58:$J$77,""^[+-]?[0-9]*\.?[0-9]+""))= "&" VALUE(REGEXEXTRACT(N$58:N$77,""^[+-]?[0-9]*\.?[0-9]+"")))*1,0))) &""/""& SUM(ARRAYFORMULA(IFERROR( (VALUE(REGEXEXTRACT($J$58:$J$77,""^[+-]?[0-9]*\.?[0-9]+""))< VALUE(REGEXEXTRACT(N$58:N$77,""^[+-]?[0-9]*\.?[0-9]+"")))*1,0)))"),"18/0/2") -> 18/0/2 | O78: =IFERROR(__xludf.DUMMYFUNCTION("SUM(ARRAYFORMULA(IFERROR( (VALUE(REGEXEXTRACT($J$58:$J$77,""^[+-]?[0-9]*\.?[0-9]+""))> VALUE(REGEXEXTRACT(O$58:O$77,""^[+-]?[0-9]*\.?[0-9]+"")))*1,0))) &""/""& SUM(ARRAYFORMULA(IFERROR( (VALUE(REGEXEXTRACT($J$58:$J$77,""^[+-]?[0-9]*\.?[0-9]+""))= "&" VALUE(REGEXEXTRACT(O$58:O$77,""^[+-]?[0-9]*\.?[0-9]+"")))*1,0))) &""/""& SUM(ARRAYFORMULA(IFERROR( (VALUE(REGEXEXTRACT($J$58:$J$77,""^[+-]?[0-9]*\.?[0-9]+""))< VALUE(REGEXEXTRACT(O$58:O$77,""^[+-]?[0-9]*\.?[0-9]+"")))*1,0)))"),"16/0/4") -> 16/0/4 | P78: =IFERROR(__xludf.DUMMYFUNCTION("SUM(ARRAYFORMULA(IFERROR( (VALUE(REGEXEXTRACT($J$58:$J$77,""^[+-]?[0-9]*\.?[0-9]+""))> VALUE(REGEXEXTRACT(P$58:P$77,""^[+-]?[0-9]*\.?[0-9]+"")))*1,0))) &""/""& SUM(ARRAYFORMULA(IFERROR( (VALUE(REGEXEXTRACT($J$58:$J$77,""^[+-]?[0-9]*\.?[0-9]+""))= "&" VALUE(REGEXEXTRACT(P$58:P$77,""^[+-]?[0-9]*\.?[0-9]+"")))*1,0))) &""/""& SUM(ARRAYFORMULA(IFERROR( (VALUE(REGEXEXTRACT($J$58:$J$77,""^[+-]?[0-9]*\.?[0-9]+""))< VALUE(REGEXEXTRACT(P$58:P$77,""^[+-]?[0-9]*\.?[0-9]+"")))*1,0)))"),"18/0/2") -> 18/0/2
A79: Average (%) | B79: 74.04 | C79: 74.00 | D79: 73.93 | E79: 73.20 | F79: 70.82 | G79: 72.35 | H79: 57.48 | I79: =A79 -> Average (%) | J79: =IFERROR(__xludf.DUMMYFUNCTION("ROUND(AVERAGE(ARRAYFORMULA(IFERROR(VALUE(REGEXEXTRACT(J$58:J$77,""^[+-]?[0-9]*\.?[0-9]+"")),""""))),2)"),74.04) -> 74.04 | K79: =IFERROR(__xludf.DUMMYFUNCTION("ROUND(AVERAGE(ARRAYFORMULA(IFERROR(VALUE(REGEXEXTRACT(K$58:K$77,""^[+-]?[0-9]*\.?[0-9]+"")),""""))),2)"),74.0) -> 74 | L79: =IFERROR(__xludf.DUMMYFUNCTION("ROUND(AVERAGE(ARRAYFORMULA(IFERROR(VALUE(REGEXEXTRACT(L$58:L$77,""^[+-]?[0-9]*\.?[0-9]+"")),""""))),2)"),73.93) -> 73.93 | M79: =IFERROR(__xludf.DUMMYFUNCTION("ROUND(AVERAGE(ARRAYFORMULA(IFERROR(VALUE(REGEXEXTRACT(M$58:M$77,""^[+-]?[0-9]*\.?[0-9]+"")),""""))),2)"),73.2) -> 73.2 | N79: =IFERROR(__xludf.DUMMYFUNCTION("ROUND(AVERAGE(ARRAYFORMULA(IFERROR(VALUE(REGEXEXTRACT(N$58:N$77,""^[+-]?[0-9]*\.?[0-9]+"")),""""))),2)"),70.82) -> 70.82 | O79: =IFERROR(__xludf.DUMMYFUNCTION("ROUND(AVERAGE(ARRAYFORMULA(IFERROR(VALUE(REGEXEXTRACT(O$58:O$77,""^[+-]?[0-9]*\.?[0-9]+"")),""""))),2)"),72.35) -> 72.35 | P79: =IFERROR(__xludf.DUMMYFUNCTION("ROUND(AVERAGE(ARRAYFORMULA(IFERROR(VALUE(REGEXEXTRACT(P$58:P$77,""^[+-]?[0-9]*\.?[0-9]+"")),""""))),2)"),57.48) -> 57.48
A80: Overall W/T/L | C80: 36/2/28 | D80: 48/0/18 | E80: 36/2/28 | F80: 42/2/22 | G80: 38/2/26 | H80: 56/2/8 | I80: Overall Performance
A81: Overall Average (%) | B81: 73.83 | C81: 72.13 | D81: 69.05 | E81: 73.24 | F81: 72.17 | G81: 72.87 | H81: 63.29 | I81: W/T/L | K81: =IFERROR(__xludf.DUMMYFUNCTION("SUM(ARRAYFORMULA(IFERROR(REGEXMATCH($A$3:$A$77,""→"")*(VALUE(REGEXEXTRACT($J$3:$J$77,""^[+-]?[0-9]*\.?[0-9]+""))>VALUE(REGEXEXTRACT(K$3:K$77,""^[+-]?[0-9]*\.?[0-9]+""))),0))) &""/""& SUM(ARRAYFORMULA(IFERROR(REGEXMATCH($A$3:$A$77,""→"")*(VALUE(REGEXEXTRAC"&"T($J$3:$J$77,""^[+-]?[0-9]*\.?[0-9]+""))=VALUE(REGEXEXTRACT(K$3:K$77,""^[+-]?[0-9]*\.?[0-9]+""))),0))) &""/""& SUM(ARRAYFORMULA(IFERROR(REGEXMATCH($A$3:$A$77,""→"")*(VALUE(REGEXEXTRACT($J$3:$J$77,""^[+-]?[0-9]*\.?[0-9]+""))<VALUE(REGEXEXTRACT(K$3:K$77,""^"&"[+-]?[0-9]*\.?[0-9]+""))),0)))"),"36/2/28") -> 36/2/28 | L81: =IFERROR(__xludf.DUMMYFUNCTION("SUM(ARRAYFORMULA(IFERROR(REGEXMATCH($A$3:$A$77,""→"")*(VALUE(REGEXEXTRACT($J$3:$J$77,""^[+-]?[0-9]*\.?[0-9]+""))>VALUE(REGEXEXTRACT(L$3:L$77,""^[+-]?[0-9]*\.?[0-9]+""))),0))) &""/""& SUM(ARRAYFORMULA(IFERROR(REGEXMATCH($A$3:$A$77,""→"")*(VALUE(REGEXEXTRAC"&"T($J$3:$J$77,""^[+-]?[0-9]*\.?[0-9]+""))=VALUE(REGEXEXTRACT(L$3:L$77,""^[+-]?[0-9]*\.?[0-9]+""))),0))) &""/""& SUM(ARRAYFORMULA(IFERROR(REGEXMATCH($A$3:$A$77,""→"")*(VALUE(REGEXEXTRACT($J$3:$J$77,""^[+-]?[0-9]*\.?[0-9]+""))<VALUE(REGEXEXTRACT(L$3:L$77,""^"&"[+-]?[0-9]*\.?[0-9]+""))),0)))"),"48/0/18") -> 48/0/18 | M81: =IFERROR(__xludf.DUMMYFUNCTION("SUM(ARRAYFORMULA(IFERROR(REGEXMATCH($A$3:$A$77,""→"")*(VALUE(REGEXEXTRACT($J$3:$J$77,""^[+-]?[0-9]*\.?[0-9]+""))>VALUE(REGEXEXTRACT(M$3:M$77,""^[+-]?[0-9]*\.?[0-9]+""))),0))) &""/""& SUM(ARRAYFORMULA(IFERROR(REGEXMATCH($A$3:$A$77,""→"")*(VALUE(REGEXEXTRAC"&"T($J$3:$J$77,""^[+-]?[0-9]*\.?[0-9]+""))=VALUE(REGEXEXTRACT(M$3:M$77,""^[+-]?[0-9]*\.?[0-9]+""))),0))) &""/""& SUM(ARRAYFORMULA(IFERROR(REGEXMATCH($A$3:$A$77,""→"")*(VALUE(REGEXEXTRACT($J$3:$J$77,""^[+-]?[0-9]*\.?[0-9]+""))<VALUE(REGEXEXTRACT(M$3:M$77,""^"&"[+-]?[0-9]*\.?[0-9]+""))),0)))"),"36/2/28") -> 36/2/28 | N81: =IFERROR(__xludf.DUMMYFUNCTION("SUM(ARRAYFORMULA(IFERROR(REGEXMATCH($A$3:$A$77,""→"")*(VALUE(REGEXEXTRACT($J$3:$J$77,""^[+-]?[0-9]*\.?[0-9]+""))>VALUE(REGEXEXTRACT(N$3:N$77,""^[+-]?[0-9]*\.?[0-9]+""))),0))) &""/""& SUM(ARRAYFORMULA(IFERROR(REGEXMATCH($A$3:$A$77,""→"")*(VALUE(REGEXEXTRAC"&"T($J$3:$J$77,""^[+-]?[0-9]*\.?[0-9]+""))=VALUE(REGEXEXTRACT(N$3:N$77,""^[+-]?[0-9]*\.?[0-9]+""))),0))) &""/""& SUM(ARRAYFORMULA(IFERROR(REGEXMATCH($A$3:$A$77,""→"")*(VALUE(REGEXEXTRACT($J$3:$J$77,""^[+-]?[0-9]*\.?[0-9]+""))<VALUE(REGEXEXTRACT(N$3:N$77,""^"&"[+-]?[0-9]*\.?[0-9]+""))),0)))"),"42/2/22") -> 42/2/22 | O81: =IFERROR(__xludf.DUMMYFUNCTION("SUM(ARRAYFORMULA(IFERROR(REGEXMATCH($A$3:$A$77,""→"")*(VALUE(REGEXEXTRACT($J$3:$J$77,""^[+-]?[0-9]*\.?[0-9]+""))>VALUE(REGEXEXTRACT(O$3:O$77,""^[+-]?[0-9]*\.?[0-9]+""))),0))) &""/""& SUM(ARRAYFORMULA(IFERROR(REGEXMATCH($A$3:$A$77,""→"")*(VALUE(REGEXEXTRAC"&"T($J$3:$J$77,""^[+-]?[0-9]*\.?[0-9]+""))=VALUE(REGEXEXTRACT(O$3:O$77,""^[+-]?[0-9]*\.?[0-9]+""))),0))) &""/""& SUM(ARRAYFORMULA(IFERROR(REGEXMATCH($A$3:$A$77,""→"")*(VALUE(REGEXEXTRACT($J$3:$J$77,""^[+-]?[0-9]*\.?[0-9]+""))<VALUE(REGEXEXTRACT(O$3:O$77,""^"&"[+-]?[0-9]*\.?[0-9]+""))),0)))"),"38/2/26") -> 38/2/26 | P81: =IFERROR(__xludf.DUMMYFUNCTION("SUM(ARRAYFORMULA(IFERROR(REGEXMATCH($A$3:$A$77,""→"")*(VALUE(REGEXEXTRACT($J$3:$J$77,""^[+-]?[0-9]*\.?[0-9]+""))>VALUE(REGEXEXTRACT(P$3:P$77,""^[+-]?[0-9]*\.?[0-9]+""))),0))) &""/""& SUM(ARRAYFORMULA(IFERROR(REGEXMATCH($A$3:$A$77,""→"")*(VALUE(REGEXEXTRAC"&"T($J$3:$J$77,""^[+-]?[0-9]*\.?[0-9]+""))=VALUE(REGEXEXTRACT(P$3:P$77,""^[+-]?[0-9]*\.?[0-9]+""))),0))) &""/""& SUM(ARRAYFORMULA(IFERROR(REGEXMATCH($A$3:$A$77,""→"")*(VALUE(REGEXEXTRACT($J$3:$J$77,""^[+-]?[0-9]*\.?[0-9]+""))<VALUE(REGEXEXTRACT(P$3:P$77,""^"&"[+-]?[0-9]*\.?[0-9]+""))),0)))"),"56/2/8") -> 56/2/8
I82: Average (%) | J82: =IFERROR(__xludf.DUMMYFUNCTION("ROUND(AVERAGE(ARRAYFORMULA(IFERROR(VALUE(REGEXEXTRACT(FILTER(J$3:J$77,REGEXMATCH($A$3:$A$77,""→"")),""^[+-]?[0-9]*\.?[0-9]+"")),""""))),2)"),73.83) -> 73.83 | K82: =IFERROR(__xludf.DUMMYFUNCTION("ROUND(AVERAGE(ARRAYFORMULA(IFERROR(VALUE(REGEXEXTRACT(FILTER(K$3:K$77,REGEXMATCH($A$3:$A$77,""→"")),""^[+-]?[0-9]*\.?[0-9]+"")),""""))),2)"),72.13) -> 72.13 | L82: =IFERROR(__xludf.DUMMYFUNCTION("ROUND(AVERAGE(ARRAYFORMULA(IFERROR(VALUE(REGEXEXTRACT(FILTER(L$3:L$77,REGEXMATCH($A$3:$A$77,""→"")),""^[+-]?[0-9]*\.?[0-9]+"")),""""))),2)"),69.05) -> 69.05 | M82: =IFERROR(__xludf.DUMMYFUNCTION("ROUND(AVERAGE(ARRAYFORMULA(IFERROR(VALUE(REGEXEXTRACT(FILTER(M$3:M$77,REGEXMATCH($A$3:$A$77,""→"")),""^[+-]?[0-9]*\.?[0-9]+"")),""""))),2)"),73.24) -> 73.24 | N82: =IFERROR(__xludf.DUMMYFUNCTION("ROUND(AVERAGE(ARRAYFORMULA(IFERROR(VALUE(REGEXEXTRACT(FILTER(N$3:N$77,REGEXMATCH($A$3:$A$77,""→"")),""^[+-]?[0-9]*\.?[0-9]+"")),""""))),2)"),72.17) -> 72.17 | O82: =IFERROR(__xludf.DUMMYFUNCTION("ROUND(AVERAGE(ARRAYFORMULA(IFERROR(VALUE(REGEXEXTRACT(FILTER(O$3:O$77,REGEXMATCH($A$3:$A$77,""→"")),""^[+-]?[0-9]*\.?[0-9]+"")),""""))),2)"),72.87) -> 72.87 | P82: =IFERROR(__xludf.DUMMYFUNCTION("ROUND(AVERAGE(ARRAYFORMULA(IFERROR(VALUE(REGEXEXTRACT(FILTER(P$3:P$77,REGEXMATCH($A$3:$A$77,""→"")),""^[+-]?[0-9]*\.?[0-9]+"")),""""))),2)"),63.29) -> 63.29

Sheet RF_GM
A1: Source→Target | B1: OTOMO | C1: CORAL | D1: TCA+ | E1: DPP | F1: ADASYN | G1: SMOTE | H1: TOMO | I1: Source | J1: OTOMO | K1: CORAL | L1: TCA+ | M1: DPP | N1: ADASYN | O1: SMOTE | P1: TOMO
A2: NASA | I2: NASA
A3: CM1→MW1 | B3: 0.7393 +/- 0.0207 | C3: 0.1920 +/- 0.1061 | D3: 0.1322 +/- 0.1216 | E3: 0.6609 +/- 0.0453 | F3: 0.7568 +/- 0.0127 | G3: 0.7543 +/- 0.0185 | H3: 0.5352 +/- 0.0365 | I3: =A3 -> CM1→MW1 | J3: =IFERROR(__xludf.DUMMYFUNCTION("TEXT(VALUE(REGEXEXTRACT(B3,""^[+-]?[0-9]*\.?[0-9]+""))*100,""0.00"")&"" +/- ""&TEXT(VALUE(REGEXEXTRACT(B3,""[0-9]*\.?[0-9]+$""))*100,""0.00"")"),"73.93 +/- 2.07") -> 73.93 +/- 2.07 | K3: =IFERROR(__xludf.DUMMYFUNCTION("TEXT(VALUE(REGEXEXTRACT(C3,""^[+-]?[0-9]*\.?[0-9]+""))*100,""0.00"")&"" +/- ""&TEXT(VALUE(REGEXEXTRACT(C3,""[0-9]*\.?[0-9]+$""))*100,""0.00"")"),"19.20 +/- 10.61") -> 19.20 +/- 10.61 | L3: =IFERROR(__xludf.DUMMYFUNCTION("TEXT(VALUE(REGEXEXTRACT(D3,""^[+-]?[0-9]*\.?[0-9]+""))*100,""0.00"")&"" +/- ""&TEXT(VALUE(REGEXEXTRACT(D3,""[0-9]*\.?[0-9]+$""))*100,""0.00"")"),"13.22 +/- 12.16") -> 13.22 +/- 12.16 | M3: =IFERROR(__xludf.DUMMYFUNCTION("TEXT(VALUE(REGEXEXTRACT(E3,""^[+-]?[0-9]*\.?[0-9]+""))*100,""0.00"")&"" +/- ""&TEXT(VALUE(REGEXEXTRACT(E3,""[0-9]*\.?[0-9]+$""))*100,""0.00"")"),"66.09 +/- 4.53") -> 66.09 +/- 4.53 | N3: =IFERROR(__xludf.DUMMYFUNCTION("TEXT(VALUE(REGEXEXTRACT(F3,""^[+-]?[0-9]*\.?[0-9]+""))*100,""0.00"")&"" +/- ""&TEXT(VALUE(REGEXEXTRACT(F3,""[0-9]*\.?[0-9]+$""))*100,""0.00"")"),"75.68 +/- 1.27") -> 75.68 +/- 1.27 | O3: =IFERROR(__xludf.DUMMYFUNCTION("TEXT(VALUE(REGEXEXTRACT(G3,""^[+-]?[0-9]*\.?[0-9]+""))*100,""0.00"")&"" +/- ""&TEXT(VALUE(REGEXEXTRACT(G3,""[0-9]*\.?[0-9]+$""))*100,""0.00"")"),"75.43 +/- 1.85") -> 75.43 +/- 1.85 | P3: =IFERROR(__xludf.DUMMYFUNCTION("TEXT(VALUE(REGEXEXTRACT(H3,""^[+-]?[0-9]*\.?[0-9]+""))*100,""0.00"")&"" +/- ""&TEXT(VALUE(REGEXEXTRACT(H3,""[0-9]*\.?[0-9]+$""))*100,""0.00"")"),"53.52 +/- 3.65") -> 53.52 +/- 3.65
A4: CM1→PC1 | B4: 0.6017 +/- 0.0249 | C4: 0.2253 +/- 0.0475 | D4: 0.2438 +/- 0.0617 | E4: 0.3819 +/- 0.0542 | F4: 0.5886 +/- 0.0262 | G4: 0.5898 +/- 0.0340 | H4: 0.6654 +/- 0.0280 | I4: =A4 -> CM1→PC1 | J4: =IFERROR(__xludf.DUMMYFUNCTION("TEXT(VALUE(REGEXEXTRACT(B4,""^[+-]?[0-9]*\.?[0-9]+""))*100,""0.00"")&"" +/- ""&TEXT(VALUE(REGEXEXTRACT(B4,""[0-9]*\.?[0-9]+$""))*100,""0.00"")"),"60.17 +/- 2.49") -> 60.17 +/- 2.49 | K4: =IFERROR(__xludf.DUMMYFUNCTION("TEXT(VALUE(REGEXEXTRACT(C4,""^[+-]?[0-9]*\.?[0-9]+""))*100,""0.00"")&"" +/- ""&TEXT(VALUE(REGEXEXTRACT(C4,""[0-9]*\.?[0-9]+$""))*100,""0.00"")"),"22.53 +/- 4.75") -> 22.53 +/- 4.75 | L4: =IFERROR(__xludf.DUMMYFUNCTION("TEXT(VALUE(REGEXEXTRACT(D4,""^[+-]?[0-9]*\.?[0-9]+""))*100,""0.00"")&"" +/- ""&TEXT(VALUE(REGEXEXTRACT(D4,""[0-9]*\.?[0-9]+$""))*100,""0.00"")"),"24.38 +/- 6.17") -> 24.38 +/- 6.17 | M4: =IFERROR(__xludf.DUMMYFUNCTION("TEXT(VALUE(REGEXEXTRACT(E4,""^[+-]?[0-9]*\.?[0-9]+""))*100,""0.00"")&"" +/- ""&TEXT(VALUE(REGEXEXTRACT(E4,""[0-9]*\.?[0-9]+$""))*100,""0.00"")"),"38.19 +/- 5.42") -> 38.19 +/- 5.42 | N4: =IFERROR(__xludf.DUMMYFUNCTION("TEXT(VALUE(REGEXEXTRACT(F4,""^[+-]?[0-9]*\.?[0-9]+""))*100,""0.00"")&"" +/- ""&TEXT(VALUE(REGEXEXTRACT(F4,""[0-9]*\.?[0-9]+$""))*100,""0.00"")"),"58.86 +/- 2.62") -> 58.86 +/- 2.62 | O4: =IFERROR(__xludf.DUMMYFUNCTION("TEXT(VALUE(REGEXEXTRACT(G4,""^[+-]?[0-9]*\.?[0-9]+""))*100,""0.00"")&"" +/- ""&TEXT(VALUE(REGEXEXTRACT(G4,""[0-9]*\.?[0-9]+$""))*100,""0.00"")"),"58.98 +/- 3.40") -> 58.98 +/- 3.40 | P4: =IFERROR(__xludf.DUMMYFUNCTION("TEXT(VALUE(REGEXEXTRACT(H4,""^[+-]?[0-9]*\.?[0-9]+""))*100,""0.00"")&"" +/- ""&TEXT(VALUE(REGEXEXTRACT(H4,""[0-9]*\.?[0-9]+$""))*100,""0.00"")"),"66.54 +/- 2.80") -> 66.54 +/- 2.80
A5: CM1→PC3 | B5: 0.6411 +/- 0.0179 | C5: 0.0232 +/- 0.0391 | D5: 0.1349 +/- 0.0547 | E5: 0.3938 +/- 0.0539 | F5: 0.6046 +/- 0.0227 | G5: 0.6043 +/- 0.0303 | H5: 0.5687 +/- 0.0224 | I5: =A5 -> CM1→PC3 | J5: =IFERROR(__xludf.DUMMYFUNCTION("TEXT(VALUE(REGEXEXTRACT(B5,""^[+-]?[0-9]*\.?[0-9]+""))*100,""0.00"")&"" +/- ""&TEXT(VALUE(REGEXEXTRACT(B5,""[0-9]*\.?[0-9]+$""))*100,""0.00"")"),"64.11 +/- 1.79") -> 64.11 +/- 1.79 | K5: =IFERROR(__xludf.DUMMYFUNCTION("TEXT(VALUE(REGEXEXTRACT(C5,""^[+-]?[0-9]*\.?[0-9]+""))*100,""0.00"")&"" +/- ""&TEXT(VALUE(REGEXEXTRACT(C5,""[0-9]*\.?[0-9]+$""))*100,""0.00"")"),"2.32 +/- 3.91") -> 2.32 +/- 3.91 | L5: =IFERROR(__xludf.DUMMYFUNCTION("TEXT(VALUE(REGEXEXTRACT(D5,""^[+-]?[0-9]*\.?[0-9]+""))*100,""0.00"")&"" +/- ""&TEXT(VALUE(REGEXEXTRACT(D5,""[0-9]*\.?[0-9]+$""))*100,""0.00"")"),"13.49 +/- 5.47") -> 13.49 +/- 5.47 | M5: =IFERROR(__xludf.DUMMYFUNCTION("TEXT(VALUE(REGEXEXTRACT(E5,""^[+-]?[0-9]*\.?[0-9]+""))*100,""0.00"")&"" +/- ""&TEXT(VALUE(REGEXEXTRACT(E5,""[0-9]*\.?[0-9]+$""))*100,""0.00"")"),"39.38 +/- 5.39") -> 39.38 +/- 5.39 | N5: =IFERROR(__xludf.DUMMYFUNCTION("TEXT(VALUE(REGEXEXTRACT(F5,""^[+-]?[0-9]*\.?[0-9]+""))*100,""0.00"")&"" +/- ""&TEXT(VALUE(REGEXEXTRACT(F5,""[0-9]*\.?[0-9]+$""))*100,""0.00"")"),"60.46 +/- 2.27") -> 60.46 +/- 2.27 | O5: =IFERROR(__xludf.DUMMYFUNCTION("TEXT(VALUE(REGEXEXTRACT(G5,""^[+-]?[0-9]*\.?[0-9]+""))*100,""0.00"")&"" +/- ""&TEXT(VALUE(REGEXEXTRACT(G5,""[0-9]*\.?[0-9]+$""))*100,""0.00"")"),"60.43 +/- 3.03") -> 60.43 +/- 3.03 | P5: =IFERROR(__xludf.DUMMYFUNCTION("TEXT(VALUE(REGEXEXTRACT(H5,""^[+-]?[0-9]*\.?[0-9]+""))*100,""0.00"")&"" +/- ""&TEXT(VALUE(REGEXEXTRACT(H5,""[0-9]*\.?[0-9]+$""))*100,""0.00"")"),"56.87 +/- 2.24") -> 56.87 +/- 2.24
A6: CM1→PC4 | B6: 0.5749 +/- 0.0129 | C6: 0.0146 +/- 0.0337 | D6: 0.0992 +/- 0.0430 | E6: 0.4256 +/- 0.0283 | F6: 0.5625 +/- 0.0180 | G6: 0.5668 +/- 0.0192 | H6: 0.4801 +/- 0.0236 | I6: =A6 -> CM1→PC4 | J6: =IFERROR(__xludf.DUMMYFUNCTION("TEXT(VALUE(REGEXEXTRACT(B6,""^[+-]?[0-9]*\.?[0-9]+""))*100,""0.00"")&"" +/- ""&TEXT(VALUE(REGEXEXTRACT(B6,""[0-9]*\.?[0-9]+$""))*100,""0.00"")"),"57.49 +/- 1.29") -> 57.49 +/- 1.29 | K6: =IFERROR(__xludf.DUMMYFUNCTION("TEXT(VALUE(REGEXEXTRACT(C6,""^[+-]?[0-9]*\.?[0-9]+""))*100,""0.00"")&"" +/- ""&TEXT(VALUE(REGEXEXTRACT(C6,""[0-9]*\.?[0-9]+$""))*100,""0.00"")"),"1.46 +/- 3.37") -> 1.46 +/- 3.37 | L6: =IFERROR(__xludf.DUMMYFUNCTION("TEXT(VALUE(REGEXEXTRACT(D6,""^[+-]?[0-9]*\.?[0-9]+""))*100,""0.00"")&"" +/- ""&TEXT(VALUE(REGEXEXTRACT(D6,""[0-9]*\.?[0-9]+$""))*100,""0.00"")"),"9.92 +/- 4.30") -> 9.92 +/- 4.30 | M6: =IFERROR(__xludf.DUMMYFUNCTION("TEXT(VALUE(REGEXEXTRACT(E6,""^[+-]?[0-9]*\.?[0-9]+""))*100,""0.00"")&"" +/- ""&TEXT(VALUE(REGEXEXTRACT(E6,""[0-9]*\.?[0-9]+$""))*100,""0.00"")"),"42.56 +/- 2.83") -> 42.56 +/- 2.83 | N6: =IFERROR(__xludf.DUMMYFUNCTION("TEXT(VALUE(REGEXEXTRACT(F6,""^[+-]?[0-9]*\.?[0-9]+""))*100,""0.00"")&"" +/- ""&TEXT(VALUE(REGEXEXTRACT(F6,""[0-9]*\.?[0-9]+$""))*100,""0.00"")"),"56.25 +/- 1.80") -> 56.25 +/- 1.80 | O6: =IFERROR(__xludf.DUMMYFUNCTION("TEXT(VALUE(REGEXEXTRACT(G6,""^[+-]?[0-9]*\.?[0-9]+""))*100,""0.00"")&"" +/- ""&TEXT(VALUE(REGEXEXTRACT(G6,""[0-9]*\.?[0-9]+$""))*100,""0.00"")"),"56.68 +/- 1.92") -> 56.68 +/- 1.92 | P6: =IFERROR(__xludf.DUMMYFUNCTION("TEXT(VALUE(REGEXEXTRACT(H6,""^[+-]?[0-9]*\.?[0-9]+""))*100,""0.00"")&"" +/- ""&TEXT(VALUE(REGEXEXTRACT(H6,""[0-9]*\.?[0-9]+$""))*100,""0.00"")"),"48.01 +/- 2.36") -> 48.01 +/- 2.36
A7: MW1→CM1 | B7: 0.4359 +/- 0.0521 | C7: 0.2954 +/- 0.0327 | D7: 0.0154 +/- 0.0471 | E7: 0.2452 +/- 0.0734 | F7: 0.4941 +/- 0.0328 | G7: 0.4408 +/- 0.0482 | H7: 0.5252 +/- 0.0240 | I7: =A7 -> MW1→CM1 | J7: =IFERROR(__xludf.DUMMYFUNCTION("TEXT(VALUE(REGEXEXTRACT(B7,""^[+-]?[0-9]*\.?[0-9]+""))*100,""0.00"")&"" +/- ""&TEXT(VALUE(REGEXEXTRACT(B7,""[0-9]*\.?[0-9]+$""))*100,""0.00"")"),"43.59 +/- 5.21") -> 43.59 +/- 5.21 | K7: =IFERROR(__xludf.DUMMYFUNCTION("TEXT(VALUE(REGEXEXTRACT(C7,""^[+-]?[0-9]*\.?[0-9]+""))*100,""0.00"")&"" +/- ""&TEXT(VALUE(REGEXEXTRACT(C7,""[0-9]*\.?[0-9]+$""))*100,""0.00"")"),"29.54 +/- 3.27") -> 29.54 +/- 3.27 | L7: =IFERROR(__xludf.DUMMYFUNCTION("TEXT(VALUE(REGEXEXTRACT(D7,""^[+-]?[0-9]*\.?[0-9]+""))*100,""0.00"")&"" +/- ""&TEXT(VALUE(REGEXEXTRACT(D7,""[0-9]*\.?[0-9]+$""))*100,""0.00"")"),"1.54 +/- 4.71") -> 1.54 +/- 4.71 | M7: =IFERROR(__xludf.DUMMYFUNCTION("TEXT(VALUE(REGEXEXTRACT(E7,""^[+-]?[0-9]*\.?[0-9]+""))*100,""0.00"")&"" +/- ""&TEXT(VALUE(REGEXEXTRACT(E7,""[0-9]*\.?[0-9]+$""))*100,""0.00"")"),"24.52 +/- 7.34") -> 24.52 +/- 7.34 | N7: =IFERROR(__xludf.DUMMYFUNCTION("TEXT(VALUE(REGEXEXTRACT(F7,""^[+-]?[0-9]*\.?[0-9]+""))*100,""0.00"")&"" +/- ""&TEXT(VALUE(REGEXEXTRACT(F7,""[0-9]*\.?[0-9]+$""))*100,""0.00"")"),"49.41 +/- 3.28") -> 49.41 +/- 3.28 | O7: =IFERROR(__xludf.DUMMYFUNCTION("TEXT(VALUE(REGEXEXTRACT(G7,""^[+-]?[0-9]*\.?[0-9]+""))*100,""0.00"")&"" +/- ""&TEXT(VALUE(REGEXEXTRACT(G7,""[0-9]*\.?[0-9]+$""))*100,""0.00"")"),"44.08 +/- 4.82") -> 44.08 +/- 4.82 | P7: =IFERROR(__xludf.DUMMYFUNCTION("TEXT(VALUE(REGEXEXTRACT(H7,""^[+-]?[0-9]*\.?[0-9]+""))*100,""0.00"")&"" +/- ""&TEXT(VALUE(REGEXEXTRACT(H7,""[0-9]*\.?[0-9]+$""))*100,""0.00"")"),"52.52 +/- 2.40") -> 52.52 +/- 2.40
A8: MW1→PC1 | B8: 0.4361 +/- 0.0367 | C8: 0.3456 +/- 0.0263 | D8: 0.0935 +/- 0.0772 | E8: 0.2756 +/- 0.0419 | F8: 0.3928 +/- 0.0444 | G8: 0.4005 +/- 0.0438 | H8: 0.5522 +/- 0.0278 | I8: =A8 -> MW1→PC1 | J8: =IFERROR(__xludf.DUMMYFUNCTION("TEXT(VALUE(REGEXEXTRACT(B8,""^[+-]?[0-9]*\.?[0-9]+""))*100,""0.00"")&"" +/- ""&TEXT(VALUE(REGEXEXTRACT(B8,""[0-9]*\.?[0-9]+$""))*100,""0.00"")"),"43.61 +/- 3.67") -> 43.61 +/- 3.67 | K8: =IFERROR(__xludf.DUMMYFUNCTION("TEXT(VALUE(REGEXEXTRACT(C8,""^[+-]?[0-9]*\.?[0-9]+""))*100,""0.00"")&"" +/- ""&TEXT(VALUE(REGEXEXTRACT(C8,""[0-9]*\.?[0-9]+$""))*100,""0.00"")"),"34.56 +/- 2.63") -> 34.56 +/- 2.63 | L8: =IFERROR(__xludf.DUMMYFUNCTION("TEXT(VALUE(REGEXEXTRACT(D8,""^[+-]?[0-9]*\.?[0-9]+""))*100,""0.00"")&"" +/- ""&TEXT(VALUE(REGEXEXTRACT(D8,""[0-9]*\.?[0-9]+$""))*100,""0.00"")"),"9.35 +/- 7.72") -> 9.35 +/- 7.72 | M8: =IFERROR(__xludf.DUMMYFUNCTION("TEXT(VALUE(REGEXEXTRACT(E8,""^[+-]?[0-9]*\.?[0-9]+""))*100,""0.00"")&"" +/- ""&TEXT(VALUE(REGEXEXTRACT(E8,""[0-9]*\.?[0-9]+$""))*100,""0.00"")"),"27.56 +/- 4.19") -> 27.56 +/- 4.19 | N8: =IFERROR(__xludf.DUMMYFUNCTION("TEXT(VALUE(REGEXEXTRACT(F8,""^[+-]?[0-9]*\.?[0-9]+""))*100,""0.00"")&"" +/- ""&TEXT(VALUE(REGEXEXTRACT(F8,""[0-9]*\.?[0-9]+$""))*100,""0.00"")"),"39.28 +/- 4.44") -> 39.28 +/- 4.44 | O8: =IFERROR(__xludf.DUMMYFUNCTION("TEXT(VALUE(REGEXEXTRACT(G8,""^[+-]?[0-9]*\.?[0-9]+""))*100,""0.00"")&"" +/- ""&TEXT(VALUE(REGEXEXTRACT(G8,""[0-9]*\.?[0-9]+$""))*100,""0.00"")"),"40.05 +/- 4.38") -> 40.05 +/- 4.38 | P8: =IFERROR(__xludf.DUMMYFUNCTION("TEXT(VALUE(REGEXEXTRACT(H8,""^[+-]?[0-9]*\.?[0-9]+""))*100,""0.00"")&"" +/- ""&TEXT(VALUE(REGEXEXTRACT(H8,""[0-9]*\.?[0-9]+$""))*100,""0.00"")"),"55.22 +/- 2.78") -> 55.22 +/- 2.78
A9: MW1→PC3 | B9: 0.4537 +/- 0.0467 | C9: 0.1615 +/- 0.0184 | D9: 0.0145 +/- 0.0330 | E9: 0.2307 +/- 0.0260 | F9: 0.3514 +/- 0.0525 | G9: 0.3456 +/- 0.0332 | H9: 0.5017 +/- 0.0257 | I9: =A9 -> MW1→PC3 | J9: =IFERROR(__xludf.DUMMYFUNCTION("TEXT(VALUE(REGEXEXTRACT(B9,""^[+-]?[0-9]*\.?[0-9]+""))*100,""0.00"")&"" +/- ""&TEXT(VALUE(REGEXEXTRACT(B9,""[0-9]*\.?[0-9]+$""))*100,""0.00"")"),"45.37 +/- 4.67") -> 45.37 +/- 4.67 | K9: =IFERROR(__xludf.DUMMYFUNCTION("TEXT(VALUE(REGEXEXTRACT(C9,""^[+-]?[0-9]*\.?[0-9]+""))*100,""0.00"")&"" +/- ""&TEXT(VALUE(REGEXEXTRACT(C9,""[0-9]*\.?[0-9]+$""))*100,""0.00"")"),"16.15 +/- 1.84") -> 16.15 +/- 1.84 | L9: =IFERROR(__xludf.DUMMYFUNCTION("TEXT(VALUE(REGEXEXTRACT(D9,""^[+-]?[0-9]*\.?[0-9]+""))*100,""0.00"")&"" +/- ""&TEXT(VALUE(REGEXEXTRACT(D9,""[0-9]*\.?[0-9]+$""))*100,""0.00"")"),"1.45 +/- 3.30") -> 1.45 +/- 3.30 | M9: =IFERROR(__xludf.DUMMYFUNCTION("TEXT(VALUE(REGEXEXTRACT(E9,""^[+-]?[0-9]*\.?[0-9]+""))*100,""0.00"")&"" +/- ""&TEXT(VALUE(REGEXEXTRACT(E9,""[0-9]*\.?[0-9]+$""))*100,""0.00"")"),"23.07 +/- 2.60") -> 23.07 +/- 2.60 | N9: =IFERROR(__xludf.DUMMYFUNCTION("TEXT(VALUE(REGEXEXTRACT(F9,""^[+-]?[0-9]*\.?[0-9]+""))*100,""0.00"")&"" +/- ""&TEXT(VALUE(REGEXEXTRACT(F9,""[0-9]*\.?[0-9]+$""))*100,""0.00"")"),"35.14 +/- 5.25") -> 35.14 +/- 5.25 | O9: =IFERROR(__xludf.DUMMYFUNCTION("TEXT(VALUE(REGEXEXTRACT(G9,""^[+-]?[0-9]*\.?[0-9]+""))*100,""0.00"")&"" +/- ""&TEXT(VALUE(REGEXEXTRACT(G9,""[0-9]*\.?[0-9]+$""))*100,""0.00"")"),"34.56 +/- 3.32") -> 34.56 +/- 3.32 | P9: =IFERROR(__xludf.DUMMYFUNCTION("TEXT(VALUE(REGEXEXTRACT(H9,""^[+-]?[0-9]*\.?[0-9]+""))*100,""0.00"")&"" +/- ""&TEXT(VALUE(REGEXEXTRACT(H9,""[0-9]*\.?[0-9]+$""))*100,""0.00"")"),"50.17 +/- 2.57") -> 50.17 +/- 2.57
A10: MW1→PC4 | B10: 0.5142 +/- 0.0322 | C10: 0.1582 +/- 0.0210 | D10: 0.0326 +/- 0.0379 | E10: 0.3445 +/- 0.0361 | F10: 0.5494 +/- 0.0295 | G10: 0.5135 +/- 0.0398 | H10: 0.4492 +/- 0.0176 | I10: =A10 -> MW1→PC4 | J10: =IFERROR(__xludf.DUMMYFUNCTION("TEXT(VALUE(REGEXEXTRACT(B10,""^[+-]?[0-9]*\.?[0-9]+""))*100,""0.00"")&"" +/- ""&TEXT(VALUE(REGEXEXTRACT(B10,""[0-9]*\.?[0-9]+$""))*100,""0.00"")"),"51.42 +/- 3.22") -> 51.42 +/- 3.22 | K10: =IFERROR(__xludf.DUMMYFUNCTION("TEXT(VALUE(REGEXEXTRACT(C10,""^[+-]?[0-9]*\.?[0-9]+""))*100,""0.00"")&"" +/- ""&TEXT(VALUE(REGEXEXTRACT(C10,""[0-9]*\.?[0-9]+$""))*100,""0.00"")"),"15.82 +/- 2.10") -> 15.82 +/- 2.10 | L10: =IFERROR(__xludf.DUMMYFUNCTION("TEXT(VALUE(REGEXEXTRACT(D10,""^[+-]?[0-9]*\.?[0-9]+""))*100,""0.00"")&"" +/- ""&TEXT(VALUE(REGEXEXTRACT(D10,""[0-9]*\.?[0-9]+$""))*100,""0.00"")"),"3.26 +/- 3.79") -> 3.26 +/- 3.79 | M10: =IFERROR(__xludf.DUMMYFUNCTION("TEXT(VALUE(REGEXEXTRACT(E10,""^[+-]?[0-9]*\.?[0-9]+""))*100,""0.00"")&"" +/- ""&TEXT(VALUE(REGEXEXTRACT(E10,""[0-9]*\.?[0-9]+$""))*100,""0.00"")"),"34.45 +/- 3.61") -> 34.45 +/- 3.61 | N10: =IFERROR(__xludf.DUMMYFUNCTION("TEXT(VALUE(REGEXEXTRACT(F10,""^[+-]?[0-9]*\.?[0-9]+""))*100,""0.00"")&"" +/- ""&TEXT(VALUE(REGEXEXTRACT(F10,""[0-9]*\.?[0-9]+$""))*100,""0.00"")"),"54.94 +/- 2.95") -> 54.94 +/- 2.95 | O10: =IFERROR(__xludf.DUMMYFUNCTION("TEXT(VALUE(REGEXEXTRACT(G10,""^[+-]?[0-9]*\.?[0-9]+""))*100,""0.00"")&"" +/- ""&TEXT(VALUE(REGEXEXTRACT(G10,""[0-9]*\.?[0-9]+$""))*100,""0.00"")"),"51.35 +/- 3.98") -> 51.35 +/- 3.98 | P10: =IFERROR(__xludf.DUMMYFUNCTION("TEXT(VALUE(REGEXEXTRACT(H10,""^[+-]?[0-9]*\.?[0-9]+""))*100,""0.00"")&"" +/- ""&TEXT(VALUE(REGEXEXTRACT(H10,""[0-9]*\.?[0-9]+$""))*100,""0.00"")"),"44.92 +/- 1.76") -> 44.92 +/- 1.76
A11: PC1→CM1 | B11: 0.4683 +/- 0.0213 | C11: 0.1624 +/- 0.0219 | D11: 0.2478 +/- 0.0381 | E11: 0.3301 +/- 0.0230 | F11: 0.4799 +/- 0.0251 | G11: 0.4563 +/- 0.0288 | H11: 0.4296 +/- 0.0180 | I11: =A11 -> PC1→CM1 | J11: =IFERROR(__xludf.DUMMYFUNCTION("TEXT(VALUE(REGEXEXTRACT(B11,""^[+-]?[0-9]*\.?[0-9]+""))*100,""0.00"")&"" +/- ""&TEXT(VALUE(REGEXEXTRACT(B11,""[0-9]*\.?[0-9]+$""))*100,""0.00"")"),"46.83 +/- 2.13") -> 46.83 +/- 2.13 | K11: =IFERROR(__xludf.DUMMYFUNCTION("TEXT(VALUE(REGEXEXTRACT(C11,""^[+-]?[0-9]*\.?[0-9]+""))*100,""0.00"")&"" +/- ""&TEXT(VALUE(REGEXEXTRACT(C11,""[0-9]*\.?[0-9]+$""))*100,""0.00"")"),"16.24 +/- 2.19") -> 16.24 +/- 2.19 | L11: =IFERROR(__xludf.DUMMYFUNCTION("TEXT(VALUE(REGEXEXTRACT(D11,""^[+-]?[0-9]*\.?[0-9]+""))*100,""0.00"")&"" +/- ""&TEXT(VALUE(REGEXEXTRACT(D11,""[0-9]*\.?[0-9]+$""))*100,""0.00"")"),"24.78 +/- 3.81") -> 24.78 +/- 3.81 | M11: =IFERROR(__xludf.DUMMYFUNCTION("TEXT(VALUE(REGEXEXTRACT(E11,""^[+-]?[0-9]*\.?[0-9]+""))*100,""0.00"")&"" +/- ""&TEXT(VALUE(REGEXEXTRACT(E11,""[0-9]*\.?[0-9]+$""))*100,""0.00"")"),"33.01 +/- 2.30") -> 33.01 +/- 2.30 | N11: =IFERROR(__xludf.DUMMYFUNCTION("TEXT(VALUE(REGEXEXTRACT(F11,""^[+-]?[0-9]*\.?[0-9]+""))*100,""0.00"")&"" +/- ""&TEXT(VALUE(REGEXEXTRACT(F11,""[0-9]*\.?[0-9]+$""))*100,""0.00"")"),"47.99 +/- 2.51") -> 47.99 +/- 2.51 | O11: =IFERROR(__xludf.DUMMYFUNCTION("TEXT(VALUE(REGEXEXTRACT(G11,""^[+-]?[0-9]*\.?[0-9]+""))*100,""0.00"")&"" +/- ""&TEXT(VALUE(REGEXEXTRACT(G11,""[0-9]*\.?[0-9]+$""))*100,""0.00"")"),"45.63 +/- 2.88") -> 45.63 +/- 2.88 | P11: =IFERROR(__xludf.DUMMYFUNCTION("TEXT(VALUE(REGEXEXTRACT(H11,""^[+-]?[0-9]*\.?[0-9]+""))*100,""0.00"")&"" +/- ""&TEXT(VALUE(REGEXEXTRACT(H11,""[0-9]*\.?[0-9]+$""))*100,""0.00"")"),"42.96 +/- 1.80") -> 42.96 +/- 1.80
A12: PC1→MW1 | B12: 0.6881 +/- 0.0314 | C12: 0.1791 +/- 0.0607 | D12: 0.1413 +/- 0.0953 | E12: 0.5919 +/- 0.0620 | F12: 0.6518 +/- 0.0401 | G12: 0.6698 +/- 0.0335 | H12: 0.5109 +/- 0.0195 | I12: =A12 -> PC1→MW1 | J12: =IFERROR(__xludf.DUMMYFUNCTION("TEXT(VALUE(REGEXEXTRACT(B12,""^[+-]?[0-9]*\.?[0-9]+""))*100,""0.00"")&"" +/- ""&TEXT(VALUE(REGEXEXTRACT(B12,""[0-9]*\.?[0-9]+$""))*100,""0.00"")"),"68.81 +/- 3.14") -> 68.81 +/- 3.14 | K12: =IFERROR(__xludf.DUMMYFUNCTION("TEXT(VALUE(REGEXEXTRACT(C12,""^[+-]?[0-9]*\.?[0-9]+""))*100,""0.00"")&"" +/- ""&TEXT(VALUE(REGEXEXTRACT(C12,""[0-9]*\.?[0-9]+$""))*100,""0.00"")"),"17.91 +/- 6.07") -> 17.91 +/- 6.07 | L12: =IFERROR(__xludf.DUMMYFUNCTION("TEXT(VALUE(REGEXEXTRACT(D12,""^[+-]?[0-9]*\.?[0-9]+""))*100,""0.00"")&"" +/- ""&TEXT(VALUE(REGEXEXTRACT(D12,""[0-9]*\.?[0-9]+$""))*100,""0.00"")"),"14.13 +/- 9.53") -> 14.13 +/- 9.53 | M12: =IFERROR(__xludf.DUMMYFUNCTION("TEXT(VALUE(REGEXEXTRACT(E12,""^[+-]?[0-9]*\.?[0-9]+""))*100,""0.00"")&"" +/- ""&TEXT(VALUE(REGEXEXTRACT(E12,""[0-9]*\.?[0-9]+$""))*100,""0.00"")"),"59.19 +/- 6.20") -> 59.19 +/- 6.20 | N12: =IFERROR(__xludf.DUMMYFUNCTION("TEXT(VALUE(REGEXEXTRACT(F12,""^[+-]?[0-9]*\.?[0-9]+""))*100,""0.00"")&"" +/- ""&TEXT(VALUE(REGEXEXTRACT(F12,""[0-9]*\.?[0-9]+$""))*100,""0.00"")"),"65.18 +/- 4.01") -> 65.18 +/- 4.01 | O12: =IFERROR(__xludf.DUMMYFUNCTION("TEXT(VALUE(REGEXEXTRACT(G12,""^[+-]?[0-9]*\.?[0-9]+""))*100,""0.00"")&"" +/- ""&TEXT(VALUE(REGEXEXTRACT(G12,""[0-9]*\.?[0-9]+$""))*100,""0.00"")"),"66.98 +/- 3.35") -> 66.98 +/- 3.35 | P12: =IFERROR(__xludf.DUMMYFUNCTION("TEXT(VALUE(REGEXEXTRACT(H12,""^[+-]?[0-9]*\.?[0-9]+""))*100,""0.00"")&"" +/- ""&TEXT(VALUE(REGEXEXTRACT(H12,""[0-9]*\.?[0-9]+$""))*100,""0.00"")"),"51.09 +/- 1.95") -> 51.09 +/- 1.95
A13: PC1→PC3 | B13: 0.5840 +/- 0.0304 | C13: 0.0935 +/- 0.0504 | D13: 0.1886 +/- 0.0327 | E13: 0.2641 +/- 0.0286 | F13: 0.5685 +/- 0.0188 | G13: 0.5531 +/- 0.0193 | H13: 0.5587 +/- 0.0319 | I13: =A13 -> PC1→PC3 | J13: =IFERROR(__xludf.DUMMYFUNCTION("TEXT(VALUE(REGEXEXTRACT(B13,""^[+-]?[0-9]*\.?[0-9]+""))*100,""0.00"")&"" +/- ""&TEXT(VALUE(REGEXEXTRACT(B13,""[0-9]*\.?[0-9]+$""))*100,""0.00"")"),"58.40 +/- 3.04") -> 58.40 +/- 3.04 | K13: =IFERROR(__xludf.DUMMYFUNCTION("TEXT(VALUE(REGEXEXTRACT(C13,""^[+-]?[0-9]*\.?[0-9]+""))*100,""0.00"")&"" +/- ""&TEXT(VALUE(REGEXEXTRACT(C13,""[0-9]*\.?[0-9]+$""))*100,""0.00"")"),"9.35 +/- 5.04") -> 9.35 +/- 5.04 | L13: =IFERROR(__xludf.DUMMYFUNCTION("TEXT(VALUE(REGEXEXTRACT(D13,""^[+-]?[0-9]*\.?[0-9]+""))*100,""0.00"")&"" +/- ""&TEXT(VALUE(REGEXEXTRACT(D13,""[0-9]*\.?[0-9]+$""))*100,""0.00"")"),"18.86 +/- 3.27") -> 18.86 +/- 3.27 | M13: =IFERROR(__xludf.DUMMYFUNCTION("TEXT(VALUE(REGEXEXTRACT(E13,""^[+-]?[0-9]*\.?[0-9]+""))*100,""0.00"")&"" +/- ""&TEXT(VALUE(REGEXEXTRACT(E13,""[0-9]*\.?[0-9]+$""))*100,""0.00"")"),"26.41 +/- 2.86") -> 26.41 +/- 2.86 | N13: =IFERROR(__xludf.DUMMYFUNCTION("TEXT(VALUE(REGEXEXTRACT(F13,""^[+-]?[0-9]*\.?[0-9]+""))*100,""0.00"")&"" +/- ""&TEXT(VALUE(REGEXEXTRACT(F13,""[0-9]*\.?[0-9]+$""))*100,""0.00"")"),"56.85 +/- 1.88") -> 56.85 +/- 1.88 | O13: =IFERROR(__xludf.DUMMYFUNCTION("TEXT(VALUE(REGEXEXTRACT(G13,""^[+-]?[0-9]*\.?[0-9]+""))*100,""0.00"")&"" +/- ""&TEXT(VALUE(REGEXEXTRACT(G13,""[0-9]*\.?[0-9]+$""))*100,""0.00"")"),"55.31 +/- 1.93") -> 55.31 +/- 1.93 | P13: =IFERROR(__xludf.DUMMYFUNCTION("TEXT(VALUE(REGEXEXTRACT(H13,""^[+-]?[0-9]*\.?[0-9]+""))*100,""0.00"")&"" +/- ""&TEXT(VALUE(REGEXEXTRACT(H13,""[0-9]*\.?[0-9]+$""))*100,""0.00"")"),"55.87 +/- 3.19") -> 55.87 +/- 3.19
A14: PC1→PC4 | B14: 0.6020 +/- 0.0133 | C14: 0.1647 +/- 0.0269 | D14: 0.1267 +/- 0.0360 | E14: 0.4446 +/- 0.0177 | F14: 0.6711 +/- 0.0076 | G14: 0.6544 +/- 0.0104 | H14: 0.4855 +/- 0.0218 | I14: =A14 -> PC1→PC4 | J14: =IFERROR(__xludf.DUMMYFUNCTION("TEXT(VALUE(REGEXEXTRACT(B14,""^[+-]?[0-9]*\.?[0-9]+""))*100,""0.00"")&"" +/- ""&TEXT(VALUE(REGEXEXTRACT(B14,""[0-9]*\.?[0-9]+$""))*100,""0.00"")"),"60.20 +/- 1.33") -> 60.20 +/- 1.33 | K14: =IFERROR(__xludf.DUMMYFUNCTION("TEXT(VALUE(REGEXEXTRACT(C14,""^[+-]?[0-9]*\.?[0-9]+""))*100,""0.00"")&"" +/- ""&TEXT(VALUE(REGEXEXTRACT(C14,""[0-9]*\.?[0-9]+$""))*100,""0.00"")"),"16.47 +/- 2.69") -> 16.47 +/- 2.69 | L14: =IFERROR(__xludf.DUMMYFUNCTION("TEXT(VALUE(REGEXEXTRACT(D14,""^[+-]?[0-9]*\.?[0-9]+""))*100,""0.00"")&"" +/- ""&TEXT(VALUE(REGEXEXTRACT(D14,""[0-9]*\.?[0-9]+$""))*100,""0.00"")"),"12.67 +/- 3.60") -> 12.67 +/- 3.60 | M14: =IFERROR(__xludf.DUMMYFUNCTION("TEXT(VALUE(REGEXEXTRACT(E14,""^[+-]?[0-9]*\.?[0-9]+""))*100,""0.00"")&"" +/- ""&TEXT(VALUE(REGEXEXTRACT(E14,""[0-9]*\.?[0-9]+$""))*100,""0.00"")"),"44.46 +/- 1.77") -> 44.46 +/- 1.77 | N14: =IFERROR(__xludf.DUMMYFUNCTION("TEXT(VALUE(REGEXEXTRACT(F14,""^[+-]?[0-9]*\.?[0-9]+""))*100,""0.00"")&"" +/- ""&TEXT(VALUE(REGEXEXTRACT(F14,""[0-9]*\.?[0-9]+$""))*100,""0.00"")"),"67.11 +/- 0.76") -> 67.11 +/- 0.76 | O14: =IFERROR(__xludf.DUMMYFUNCTION("TEXT(VALUE(REGEXEXTRACT(G14,""^[+-]?[0-9]*\.?[0-9]+""))*100,""0.00"")&"" +/- ""&TEXT(VALUE(REGEXEXTRACT(G14,""[0-9]*\.?[0-9]+$""))*100,""0.00"")"),"65.44 +/- 1.04") -> 65.44 +/- 1.04 | P14: =IFERROR(__xludf.DUMMYFUNCTION("TEXT(VALUE(REGEXEXTRACT(H14,""^[+-]?[0-9]*\.?[0-9]+""))*100,""0.00"")&"" +/- ""&TEXT(VALUE(REGEXEXTRACT(H14,""[0-9]*\.?[0-9]+$""))*100,""0.00"")"),"48.55 +/- 2.18") -> 48.55 +/- 2.18
A15: PC3→CM1 | B15: 0.4923 +/- 0.0262 | C15: 0.1482 +/- 0.0699 | D15: 0.2235 +/- 0.0763 | E15: 0.3044 +/- 0.0513 | F15: 0.4972 +/- 0.0398 | G15: 0.4834 +/- 0.0487 | H15: 0.5039 +/- 0.0236 | I15: =A15 -> PC3→CM1 | J15: =IFERROR(__xludf.DUMMYFUNCTION("TEXT(VALUE(REGEXEXTRACT(B15,""^[+-]?[0-9]*\.?[0-9]+""))*100,""0.00"")&"" +/- ""&TEXT(VALUE(REGEXEXTRACT(B15,""[0-9]*\.?[0-9]+$""))*100,""0.00"")"),"49.23 +/- 2.62") -> 49.23 +/- 2.62 | K15: =IFERROR(__xludf.DUMMYFUNCTION("TEXT(VALUE(REGEXEXTRACT(C15,""^[+-]?[0-9]*\.?[0-9]+""))*100,""0.00"")&"" +/- ""&TEXT(VALUE(REGEXEXTRACT(C15,""[0-9]*\.?[0-9]+$""))*100,""0.00"")"),"14.82 +/- 6.99") -> 14.82 +/- 6.99 | L15: =IFERROR(__xludf.DUMMYFUNCTION("TEXT(VALUE(REGEXEXTRACT(D15,""^[+-]?[0-9]*\.?[0-9]+""))*100,""0.00"")&"" +/- ""&TEXT(VALUE(REGEXEXTRACT(D15,""[0-9]*\.?[0-9]+$""))*100,""0.00"")"),"22.35 +/- 7.63") -> 22.35 +/- 7.63 | M15: =IFERROR(__xludf.DUMMYFUNCTION("TEXT(VALUE(REGEXEXTRACT(E15,""^[+-]?[0-9]*\.?[0-9]+""))*100,""0.00"")&"" +/- ""&TEXT(VALUE(REGEXEXTRACT(E15,""[0-9]*\.?[0-9]+$""))*100,""0.00"")"),"30.44 +/- 5.13") -> 30.44 +/- 5.13 | N15: =IFERROR(__xludf.DUMMYFUNCTION("TEXT(VALUE(REGEXEXTRACT(F15,""^[+-]?[0-9]*\.?[0-9]+""))*100,""0.00"")&"" +/- ""&TEXT(VALUE(REGEXEXTRACT(F15,""[0-9]*\.?[0-9]+$""))*100,""0.00"")"),"49.72 +/- 3.98") -> 49.72 +/- 3.98 | O15: =IFERROR(__xludf.DUMMYFUNCTION("TEXT(VALUE(REGEXEXTRACT(G15,""^[+-]?[0-9]*\.?[0-9]+""))*100,""0.00"")&"" +/- ""&TEXT(VALUE(REGEXEXTRACT(G15,""[0-9]*\.?[0-9]+$""))*100,""0.00"")"),"48.34 +/- 4.87") -> 48.34 +/- 4.87 | P15: =IFERROR(__xludf.DUMMYFUNCTION("TEXT(VALUE(REGEXEXTRACT(H15,""^[+-]?[0-9]*\.?[0-9]+""))*100,""0.00"")&"" +/- ""&TEXT(VALUE(REGEXEXTRACT(H15,""[0-9]*\.?[0-9]+$""))*100,""0.00"")"),"50.39 +/- 2.36") -> 50.39 +/- 2.36
A16: PC3→MW1 | B16: 0.6589 +/- 0.0305 | C16: 0.1974 +/- 0.0009 | D16: 0.1586 +/- 0.1224 | E16: 0.5354 +/- 0.0595 | F16: 0.6668 +/- 0.0361 | G16: 0.6567 +/- 0.0258 | H16: 0.4360 +/- 0.0250 | I16: =A16 -> PC3→MW1 | J16: =IFERROR(__xludf.DUMMYFUNCTION("TEXT(VALUE(REGEXEXTRACT(B16,""^[+-]?[0-9]*\.?[0-9]+""))*100,""0.00"")&"" +/- ""&TEXT(VALUE(REGEXEXTRACT(B16,""[0-9]*\.?[0-9]+$""))*100,""0.00"")"),"65.89 +/- 3.05") -> 65.89 +/- 3.05 | K16: =IFERROR(__xludf.DUMMYFUNCTION("TEXT(VALUE(REGEXEXTRACT(C16,""^[+-]?[0-9]*\.?[0-9]+""))*100,""0.00"")&"" +/- ""&TEXT(VALUE(REGEXEXTRACT(C16,""[0-9]*\.?[0-9]+$""))*100,""0.00"")"),"19.74 +/- 0.09") -> 19.74 +/- 0.09 | L16: =IFERROR(__xludf.DUMMYFUNCTION("TEXT(VALUE(REGEXEXTRACT(D16,""^[+-]?[0-9]*\.?[0-9]+""))*100,""0.00"")&"" +/- ""&TEXT(VALUE(REGEXEXTRACT(D16,""[0-9]*\.?[0-9]+$""))*100,""0.00"")"),"15.86 +/- 12.24") -> 15.86 +/- 12.24 | M16: =IFERROR(__xludf.DUMMYFUNCTION("TEXT(VALUE(REGEXEXTRACT(E16,""^[+-]?[0-9]*\.?[0-9]+""))*100,""0.00"")&"" +/- ""&TEXT(VALUE(REGEXEXTRACT(E16,""[0-9]*\.?[0-9]+$""))*100,""0.00"")"),"53.54 +/- 5.95") -> 53.54 +/- 5.95 | N16: =IFERROR(__xludf.DUMMYFUNCTION("TEXT(VALUE(REGEXEXTRACT(F16,""^[+-]?[0-9]*\.?[0-9]+""))*100,""0.00"")&"" +/- ""&TEXT(VALUE(REGEXEXTRACT(F16,""[0-9]*\.?[0-9]+$""))*100,""0.00"")"),"66.68 +/- 3.61") -> 66.68 +/- 3.61 | O16: =IFERROR(__xludf.DUMMYFUNCTION("TEXT(VALUE(REGEXEXTRACT(G16,""^[+-]?[0-9]*\.?[0-9]+""))*100,""0.00"")&"" +/- ""&TEXT(VALUE(REGEXEXTRACT(G16,""[0-9]*\.?[0-9]+$""))*100,""0.00"")"),"65.67 +/- 2.58") -> 65.67 +/- 2.58 | P16: =IFERROR(__xludf.DUMMYFUNCTION("TEXT(VALUE(REGEXEXTRACT(H16,""^[+-]?[0-9]*\.?[0-9]+""))*100,""0.00"")&"" +/- ""&TEXT(VALUE(REGEXEXTRACT(H16,""[0-9]*\.?[0-9]+$""))*100,""0.00"")"),"43.60 +/- 2.50") -> 43.60 +/- 2.50
A17: PC3→PC1 | B17: 0.6138 +/- 0.0216 | C17: 0.2023 +/- 0.0542 | D17: 0.2043 +/- 0.0599 | E17: 0.4802 +/- 0.0271 | F17: 0.6518 +/- 0.0236 | G17: 0.6355 +/- 0.0258 | H17: 0.6736 +/- 0.0195 | I17: =A17 -> PC3→PC1 | J17: =IFERROR(__xludf.DUMMYFUNCTION("TEXT(VALUE(REGEXEXTRACT(B17,""^[+-]?[0-9]*\.?[0-9]+""))*100,""0.00"")&"" +/- ""&TEXT(VALUE(REGEXEXTRACT(B17,""[0-9]*\.?[0-9]+$""))*100,""0.00"")"),"61.38 +/- 2.16") -> 61.38 +/- 2.16 | K17: =IFERROR(__xludf.DUMMYFUNCTION("TEXT(VALUE(REGEXEXTRACT(C17,""^[+-]?[0-9]*\.?[0-9]+""))*100,""0.00"")&"" +/- ""&TEXT(VALUE(REGEXEXTRACT(C17,""[0-9]*\.?[0-9]+$""))*100,""0.00"")"),"20.23 +/- 5.42") -> 20.23 +/- 5.42 | L17: =IFERROR(__xludf.DUMMYFUNCTION("TEXT(VALUE(REGEXEXTRACT(D17,""^[+-]?[0-9]*\.?[0-9]+""))*100,""0.00"")&"" +/- ""&TEXT(VALUE(REGEXEXTRACT(D17,""[0-9]*\.?[0-9]+$""))*100,""0.00"")"),"20.43 +/- 5.99") -> 20.43 +/- 5.99 | M17: =IFERROR(__xludf.DUMMYFUNCTION("TEXT(VALUE(REGEXEXTRACT(E17,""^[+-]?[0-9]*\.?[0-9]+""))*100,""0.00"")&"" +/- ""&TEXT(VALUE(REGEXEXTRACT(E17,""[0-9]*\.?[0-9]+$""))*100,""0.00"")"),"48.02 +/- 2.71") -> 48.02 +/- 2.71 | N17: =IFERROR(__xludf.DUMMYFUNCTION("TEXT(VALUE(REGEXEXTRACT(F17,""^[+-]?[0-9]*\.?[0-9]+""))*100,""0.00"")&"" +/- ""&TEXT(VALUE(REGEXEXTRACT(F17,""[0-9]*\.?[0-9]+$""))*100,""0.00"")"),"65.18 +/- 2.36") -> 65.18 +/- 2.36 | O17: =IFERROR(__xludf.DUMMYFUNCTION("TEXT(VALUE(REGEXEXTRACT(G17,""^[+-]?[0-9]*\.?[0-9]+""))*100,""0.00"")&"" +/- ""&TEXT(VALUE(REGEXEXTRACT(G17,""[0-9]*\.?[0-9]+$""))*100,""0.00"")"),"63.55 +/- 2.58") -> 63.55 +/- 2.58 | P17: =IFERROR(__xludf.DUMMYFUNCTION("TEXT(VALUE(REGEXEXTRACT(H17,""^[+-]?[0-9]*\.?[0-9]+""))*100,""0.00"")&"" +/- ""&TEXT(VALUE(REGEXEXTRACT(H17,""[0-9]*\.?[0-9]+$""))*100,""0.00"")"),"67.36 +/- 1.95") -> 67.36 +/- 1.95
A18: PC3→PC4 | B18: 0.6048 +/- 0.0106 | C18: 0.1533 +/- 0.0324 | D18: 0.1937 +/- 0.0291 | E18: 0.4256 +/- 0.0289 | F18: 0.6532 +/- 0.0096 | G18: 0.6459 +/- 0.0101 | H18: 0.5290 +/- 0.0214 | I18: =A18 -> PC3→PC4 | J18: =IFERROR(__xludf.DUMMYFUNCTION("TEXT(VALUE(REGEXEXTRACT(B18,""^[+-]?[0-9]*\.?[0-9]+""))*100,""0.00"")&"" +/- ""&TEXT(VALUE(REGEXEXTRACT(B18,""[0-9]*\.?[0-9]+$""))*100,""0.00"")"),"60.48 +/- 1.06") -> 60.48 +/- 1.06 | K18: =IFERROR(__xludf.DUMMYFUNCTION("TEXT(VALUE(REGEXEXTRACT(C18,""^[+-]?[0-9]*\.?[0-9]+""))*100,""0.00"")&"" +/- ""&TEXT(VALUE(REGEXEXTRACT(C18,""[0-9]*\.?[0-9]+$""))*100,""0.00"")"),"15.33 +/- 3.24") -> 15.33 +/- 3.24 | L18: =IFERROR(__xludf.DUMMYFUNCTION("TEXT(VALUE(REGEXEXTRACT(D18,""^[+-]?[0-9]*\.?[0-9]+""))*100,""0.00"")&"" +/- ""&TEXT(VALUE(REGEXEXTRACT(D18,""[0-9]*\.?[0-9]+$""))*100,""0.00"")"),"19.37 +/- 2.91") -> 19.37 +/- 2.91 | M18: =IFERROR(__xludf.DUMMYFUNCTION("TEXT(VALUE(REGEXEXTRACT(E18,""^[+-]?[0-9]*\.?[0-9]+""))*100,""0.00"")&"" +/- ""&TEXT(VALUE(REGEXEXTRACT(E18,""[0-9]*\.?[0-9]+$""))*100,""0.00"")"),"42.56 +/- 2.89") -> 42.56 +/- 2.89 | N18: =IFERROR(__xludf.DUMMYFUNCTION("TEXT(VALUE(REGEXEXTRACT(F18,""^[+-]?[0-9]*\.?[0-9]+""))*100,""0.00"")&"" +/- ""&TEXT(VALUE(REGEXEXTRACT(F18,""[0-9]*\.?[0-9]+$""))*100,""0.00"")"),"65.32 +/- 0.96") -> 65.32 +/- 0.96 | O18: =IFERROR(__xludf.DUMMYFUNCTION("TEXT(VALUE(REGEXEXTRACT(G18,""^[+-]?[0-9]*\.?[0-9]+""))*100,""0.00"")&"" +/- ""&TEXT(VALUE(REGEXEXTRACT(G18,""[0-9]*\.?[0-9]+$""))*100,""0.00"")"),"64.59 +/- 1.01") -> 64.59 +/- 1.01 | P18: =IFERROR(__xludf.DUMMYFUNCTION("TEXT(VALUE(REGEXEXTRACT(H18,""^[+-]?[0-9]*\.?[0-9]+""))*100,""0.00"")&"" +/- ""&TEXT(VALUE(REGEXEXTRACT(H18,""[0-9]*\.?[0-9]+$""))*100,""0.00"")"),"52.90 +/- 2.14") -> 52.90 +/- 2.14
A19: PC4→CM1 | B19: 0.4135 +/- 0.0313 | C19: 0.0964 +/- 0.0746 | D19: 0.0205 +/- 0.0532 | E19: 0.2523 +/- 0.0409 | F19: 0.3988 +/- 0.0270 | G19: 0.3848 +/- 0.0304 | H19: 0.5484 +/- 0.0189 | I19: =A19 -> PC4→CM1 | J19: =IFERROR(__xludf.DUMMYFUNCTION("TEXT(VALUE(REGEXEXTRACT(B19,""^[+-]?[0-9]*\.?[0-9]+""))*100,""0.00"")&"" +/- ""&TEXT(VALUE(REGEXEXTRACT(B19,""[0-9]*\.?[0-9]+$""))*100,""0.00"")"),"41.35 +/- 3.13") -> 41.35 +/- 3.13 | K19: =IFERROR(__xludf.DUMMYFUNCTION("TEXT(VALUE(REGEXEXTRACT(C19,""^[+-]?[0-9]*\.?[0-9]+""))*100,""0.00"")&"" +/- ""&TEXT(VALUE(REGEXEXTRACT(C19,""[0-9]*\.?[0-9]+$""))*100,""0.00"")"),"9.64 +/- 7.46") -> 9.64 +/- 7.46 | L19: =IFERROR(__xludf.DUMMYFUNCTION("TEXT(VALUE(REGEXEXTRACT(D19,""^[+-]?[0-9]*\.?[0-9]+""))*100,""0.00"")&"" +/- ""&TEXT(VALUE(REGEXEXTRACT(D19,""[0-9]*\.?[0-9]+$""))*100,""0.00"")"),"2.05 +/- 5.32") -> 2.05 +/- 5.32 | M19: =IFERROR(__xludf.DUMMYFUNCTION("TEXT(VALUE(REGEXEXTRACT(E19,""^[+-]?[0-9]*\.?[0-9]+""))*100,""0.00"")&"" +/- ""&TEXT(VALUE(REGEXEXTRACT(E19,""[0-9]*\.?[0-9]+$""))*100,""0.00"")"),"25.23 +/- 4.09") -> 25.23 +/- 4.09 | N19: =IFERROR(__xludf.DUMMYFUNCTION("TEXT(VALUE(REGEXEXTRACT(F19,""^[+-]?[0-9]*\.?[0-9]+""))*100,""0.00"")&"" +/- ""&TEXT(VALUE(REGEXEXTRACT(F19,""[0-9]*\.?[0-9]+$""))*100,""0.00"")"),"39.88 +/- 2.70") -> 39.88 +/- 2.70 | O19: =IFERROR(__xludf.DUMMYFUNCTION("TEXT(VALUE(REGEXEXTRACT(G19,""^[+-]?[0-9]*\.?[0-9]+""))*100,""0.00"")&"" +/- ""&TEXT(VALUE(REGEXEXTRACT(G19,""[0-9]*\.?[0-9]+$""))*100,""0.00"")"),"38.48 +/- 3.04") -> 38.48 +/- 3.04 | P19: =IFERROR(__xludf.DUMMYFUNCTION("TEXT(VALUE(REGEXEXTRACT(H19,""^[+-]?[0-9]*\.?[0-9]+""))*100,""0.00"")&"" +/- ""&TEXT(VALUE(REGEXEXTRACT(H19,""[0-9]*\.?[0-9]+$""))*100,""0.00"")"),"54.84 +/- 1.89") -> 54.84 +/- 1.89
A20: PC4→MW1 | B20: 0.5463 +/- 0.0265 | C20: 0.0464 +/- 0.0855 | D20: 0.1157 +/- 0.1142 | E20: 0.2784 +/- 0.0945 | F20: 0.4355 +/- 0.0633 | G20: 0.4820 +/- 0.0288 | H20: 0.4180 +/- 0.0291 | I20: =A20 -> PC4→MW1 | J20: =IFERROR(__xludf.DUMMYFUNCTION("TEXT(VALUE(REGEXEXTRACT(B20,""^[+-]?[0-9]*\.?[0-9]+""))*100,""0.00"")&"" +/- ""&TEXT(VALUE(REGEXEXTRACT(B20,""[0-9]*\.?[0-9]+$""))*100,""0.00"")"),"54.63 +/- 2.65") -> 54.63 +/- 2.65 | K20: =IFERROR(__xludf.DUMMYFUNCTION("TEXT(VALUE(REGEXEXTRACT(C20,""^[+-]?[0-9]*\.?[0-9]+""))*100,""0.00"")&"" +/- ""&TEXT(VALUE(REGEXEXTRACT(C20,""[0-9]*\.?[0-9]+$""))*100,""0.00"")"),"4.64 +/- 8.55") -> 4.64 +/- 8.55 | L20: =IFERROR(__xludf.DUMMYFUNCTION("TEXT(VALUE(REGEXEXTRACT(D20,""^[+-]?[0-9]*\.?[0-9]+""))*100,""0.00"")&"" +/- ""&TEXT(VALUE(REGEXEXTRACT(D20,""[0-9]*\.?[0-9]+$""))*100,""0.00"")"),"11.57 +/- 11.42") -> 11.57 +/- 11.42 | M20: =IFERROR(__xludf.DUMMYFUNCTION("TEXT(VALUE(REGEXEXTRACT(E20,""^[+-]?[0-9]*\.?[0-9]+""))*100,""0.00"")&"" +/- ""&TEXT(VALUE(REGEXEXTRACT(E20,""[0-9]*\.?[0-9]+$""))*100,""0.00"")"),"27.84 +/- 9.45") -> 27.84 +/- 9.45 | N20: =IFERROR(__xludf.DUMMYFUNCTION("TEXT(VALUE(REGEXEXTRACT(F20,""^[+-]?[0-9]*\.?[0-9]+""))*100,""0.00"")&"" +/- ""&TEXT(VALUE(REGEXEXTRACT(F20,""[0-9]*\.?[0-9]+$""))*100,""0.00"")"),"43.55 +/- 6.33") -> 43.55 +/- 6.33 | O20: =IFERROR(__xludf.DUMMYFUNCTION("TEXT(VALUE(REGEXEXTRACT(G20,""^[+-]?[0-9]*\.?[0-9]+""))*100,""0.00"")&"" +/- ""&TEXT(VALUE(REGEXEXTRACT(G20,""[0-9]*\.?[0-9]+$""))*100,""0.00"")"),"48.20 +/- 2.88") -> 48.20 +/- 2.88 | P20: =IFERROR(__xludf.DUMMYFUNCTION("TEXT(VALUE(REGEXEXTRACT(H20,""^[+-]?[0-9]*\.?[0-9]+""))*100,""0.00"")&"" +/- ""&TEXT(VALUE(REGEXEXTRACT(H20,""[0-9]*\.?[0-9]+$""))*100,""0.00"")"),"41.80 +/- 2.91") -> 41.80 +/- 2.91
A21: PC4→PC1 | B21: 0.5150 +/- 0.0205 | C21: 0.3269 +/- 0.0383 | D21: 0.1507 +/- 0.0873 | E21: 0.4068 +/- 0.0497 | F21: 0.5281 +/- 0.0283 | G21: 0.5197 +/- 0.0280 | H21: 0.6480 +/- 0.0108 | I21: =A21 -> PC4→PC1 | J21: =IFERROR(__xludf.DUMMYFUNCTION("TEXT(VALUE(REGEXEXTRACT(B21,""^[+-]?[0-9]*\.?[0-9]+""))*100,""0.00"")&"" +/- ""&TEXT(VALUE(REGEXEXTRACT(B21,""[0-9]*\.?[0-9]+$""))*100,""0.00"")"),"51.50 +/- 2.05") -> 51.50 +/- 2.05 | K21: =IFERROR(__xludf.DUMMYFUNCTION("TEXT(VALUE(REGEXEXTRACT(C21,""^[+-]?[0-9]*\.?[0-9]+""))*100,""0.00"")&"" +/- ""&TEXT(VALUE(REGEXEXTRACT(C21,""[0-9]*\.?[0-9]+$""))*100,""0.00"")"),"32.69 +/- 3.83") -> 32.69 +/- 3.83 | L21: =IFERROR(__xludf.DUMMYFUNCTION("TEXT(VALUE(REGEXEXTRACT(D21,""^[+-]?[0-9]*\.?[0-9]+""))*100,""0.00"")&"" +/- ""&TEXT(VALUE(REGEXEXTRACT(D21,""[0-9]*\.?[0-9]+$""))*100,""0.00"")"),"15.07 +/- 8.73") -> 15.07 +/- 8.73 | M21: =IFERROR(__xludf.DUMMYFUNCTION("TEXT(VALUE(REGEXEXTRACT(E21,""^[+-]?[0-9]*\.?[0-9]+""))*100,""0.00"")&"" +/- ""&TEXT(VALUE(REGEXEXTRACT(E21,""[0-9]*\.?[0-9]+$""))*100,""0.00"")"),"40.68 +/- 4.97") -> 40.68 +/- 4.97 | N21: =IFERROR(__xludf.DUMMYFUNCTION("TEXT(VALUE(REGEXEXTRACT(F21,""^[+-]?[0-9]*\.?[0-9]+""))*100,""0.00"")&"" +/- ""&TEXT(VALUE(REGEXEXTRACT(F21,""[0-9]*\.?[0-9]+$""))*100,""0.00"")"),"52.81 +/- 2.83") -> 52.81 +/- 2.83 | O21: =IFERROR(__xludf.DUMMYFUNCTION("TEXT(VALUE(REGEXEXTRACT(G21,""^[+-]?[0-9]*\.?[0-9]+""))*100,""0.00"")&"" +/- ""&TEXT(VALUE(REGEXEXTRACT(G21,""[0-9]*\.?[0-9]+$""))*100,""0.00"")"),"51.97 +/- 2.80") -> 51.97 +/- 2.80 | P21: =IFERROR(__xludf.DUMMYFUNCTION("TEXT(VALUE(REGEXEXTRACT(H21,""^[+-]?[0-9]*\.?[0-9]+""))*100,""0.00"")&"" +/- ""&TEXT(VALUE(REGEXEXTRACT(H21,""[0-9]*\.?[0-9]+$""))*100,""0.00"")"),"64.80 +/- 1.08") -> 64.80 +/- 1.08
A22: PC4→PC3 | B22: 0.4421 +/- 0.0323 | C22: 0.1660 +/- 0.0393 | D22: 0.1563 +/- 0.0202 | E22: 0.3530 +/- 0.0217 | F22: 0.4752 +/- 0.0206 | G22: 0.4486 +/- 0.0262 | H22: 0.6291 +/- 0.0254 | I22: =A22 -> PC4→PC3 | J22: =IFERROR(__xludf.DUMMYFUNCTION("TEXT(VALUE(REGEXEXTRACT(B22,""^[+-]?[0-9]*\.?[0-9]+""))*100,""0.00"")&"" +/- ""&TEXT(VALUE(REGEXEXTRACT(B22,""[0-9]*\.?[0-9]+$""))*100,""0.00"")"),"44.21 +/- 3.23") -> 44.21 +/- 3.23 | K22: =IFERROR(__xludf.DUMMYFUNCTION("TEXT(VALUE(REGEXEXTRACT(C22,""^[+-]?[0-9]*\.?[0-9]+""))*100,""0.00"")&"" +/- ""&TEXT(VALUE(REGEXEXTRACT(C22,""[0-9]*\.?[0-9]+$""))*100,""0.00"")"),"16.60 +/- 3.93") -> 16.60 +/- 3.93 | L22: =IFERROR(__xludf.DUMMYFUNCTION("TEXT(VALUE(REGEXEXTRACT(D22,""^[+-]?[0-9]*\.?[0-9]+""))*100,""0.00"")&"" +/- ""&TEXT(VALUE(REGEXEXTRACT(D22,""[0-9]*\.?[0-9]+$""))*100,""0.00"")"),"15.63 +/- 2.02") -> 15.63 +/- 2.02 | M22: =IFERROR(__xludf.DUMMYFUNCTION("TEXT(VALUE(REGEXEXTRACT(E22,""^[+-]?[0-9]*\.?[0-9]+""))*100,""0.00"")&"" +/- ""&TEXT(VALUE(REGEXEXTRACT(E22,""[0-9]*\.?[0-9]+$""))*100,""0.00"")"),"35.30 +/- 2.17") -> 35.30 +/- 2.17 | N22: =IFERROR(__xludf.DUMMYFUNCTION("TEXT(VALUE(REGEXEXTRACT(F22,""^[+-]?[0-9]*\.?[0-9]+""))*100,""0.00"")&"" +/- ""&TEXT(VALUE(REGEXEXTRACT(F22,""[0-9]*\.?[0-9]+$""))*100,""0.00"")"),"47.52 +/- 2.06") -> 47.52 +/- 2.06 | O22: =IFERROR(__xludf.DUMMYFUNCTION("TEXT(VALUE(REGEXEXTRACT(G22,""^[+-]?[0-9]*\.?[0-9]+""))*100,""0.00"")&"" +/- ""&TEXT(VALUE(REGEXEXTRACT(G22,""[0-9]*\.?[0-9]+$""))*100,""0.00"")"),"44.86 +/- 2.62") -> 44.86 +/- 2.62 | P22: =IFERROR(__xludf.DUMMYFUNCTION("TEXT(VALUE(REGEXEXTRACT(H22,""^[+-]?[0-9]*\.?[0-9]+""))*100,""0.00"")&"" +/- ""&TEXT(VALUE(REGEXEXTRACT(H22,""[0-9]*\.?[0-9]+$""))*100,""0.00"")"),"62.91 +/- 2.54") -> 62.91 +/- 2.54
A23: W/T/L | C23: 20/0/0 | D23: 20/0/0 | E23: 20/0/0 | F23: 9/0/11 | G23: 13/0/7 | H23: 11/0/9 | I23: =A23 -> W/T/L | K23: =IFERROR(__xludf.DUMMYFUNCTION("SUM(ARRAYFORMULA(IFERROR( (VALUE(REGEXEXTRACT($J$3:$J$22,""^[+-]?[0-9]*\.?[0-9]+""))> VALUE(REGEXEXTRACT(K$3:K$22,""^[+-]?[0-9]*\.?[0-9]+"")))*1,0))) &""/""& SUM(ARRAYFORMULA(IFERROR( (VALUE(REGEXEXTRACT($J$3:$J$22,""^[+-]?[0-9]*\.?[0-9]+""))= V"&"ALUE(REGEXEXTRACT(K$3:K$22,""^[+-]?[0-9]*\.?[0-9]+"")))*1,0))) &""/""& SUM(ARRAYFORMULA(IFERROR( (VALUE(REGEXEXTRACT($J$3:$J$22,""^[+-]?[0-9]*\.?[0-9]+""))< VALUE(REGEXEXTRACT(K$3:K$22,""^[+-]?[0-9]*\.?[0-9]+"")))*1,0)))"),"20/0/0") -> 20/0/0 | L23: =IFERROR(__xludf.DUMMYFUNCTION("SUM(ARRAYFORMULA(IFERROR( (VALUE(REGEXEXTRACT($J$3:$J$22,""^[+-]?[0-9]*\.?[0-9]+""))> VALUE(REGEXEXTRACT(L$3:L$22,""^[+-]?[0-9]*\.?[0-9]+"")))*1,0))) &""/""& SUM(ARRAYFORMULA(IFERROR( (VALUE(REGEXEXTRACT($J$3:$J$22,""^[+-]?[0-9]*\.?[0-9]+""))= V"&"ALUE(REGEXEXTRACT(L$3:L$22,""^[+-]?[0-9]*\.?[0-9]+"")))*1,0))) &""/""& SUM(ARRAYFORMULA(IFERROR( (VALUE(REGEXEXTRACT($J$3:$J$22,""^[+-]?[0-9]*\.?[0-9]+""))< VALUE(REGEXEXTRACT(L$3:L$22,""^[+-]?[0-9]*\.?[0-9]+"")))*1,0)))"),"20/0/0") -> 20/0/0 | M23: =IFERROR(__xludf.DUMMYFUNCTION("SUM(ARRAYFORMULA(IFERROR( (VALUE(REGEXEXTRACT($J$3:$J$22,""^[+-]?[0-9]*\.?[0-9]+""))> VALUE(REGEXEXTRACT(M$3:M$22,""^[+-]?[0-9]*\.?[0-9]+"")))*1,0))) &""/""& SUM(ARRAYFORMULA(IFERROR( (VALUE(REGEXEXTRACT($J$3:$J$22,""^[+-]?[0-9]*\.?[0-9]+""))= V"&"ALUE(REGEXEXTRACT(M$3:M$22,""^[+-]?[0-9]*\.?[0-9]+"")))*1,0))) &""/""& SUM(ARRAYFORMULA(IFERROR( (VALUE(REGEXEXTRACT($J$3:$J$22,""^[+-]?[0-9]*\.?[0-9]+""))< VALUE(REGEXEXTRACT(M$3:M$22,""^[+-]?[0-9]*\.?[0-9]+"")))*1,0)))"),"20/0/0") -> 20/0/0 | N23: =IFERROR(__xludf.DUMMYFUNCTION("SUM(ARRAYFORMULA(IFERROR( (VALUE(REGEXEXTRACT($J$3:$J$22,""^[+-]?[0-9]*\.?[0-9]+""))> VALUE(REGEXEXTRACT(N$3:N$22,""^[+-]?[0-9]*\.?[0-9]+"")))*1,0))) &""/""& SUM(ARRAYFORMULA(IFERROR( (VALUE(REGEXEXTRACT($J$3:$J$22,""^[+-]?[0-9]*\.?[0-9]+""))= V"&"ALUE(REGEXEXTRACT(N$3:N$22,""^[+-]?[0-9]*\.?[0-9]+"")))*1,0))) &""/""& SUM(ARRAYFORMULA(IFERROR( (VALUE(REGEXEXTRACT($J$3:$J$22,""^[+-]?[0-9]*\.?[0-9]+""))< VALUE(REGEXEXTRACT(N$3:N$22,""^[+-]?[0-9]*\.?[0-9]+"")))*1,0)))"),"9/0/11") -> 9/0/11 | O23: =IFERROR(__xludf.DUMMYFUNCTION("SUM(ARRAYFORMULA(IFERROR( (VALUE(REGEXEXTRACT($J$3:$J$22,""^[+-]?[0-9]*\.?[0-9]+""))> VALUE(REGEXEXTRACT(O$3:O$22,""^[+-]?[0-9]*\.?[0-9]+"")))*1,0))) &""/""& SUM(ARRAYFORMULA(IFERROR( (VALUE(REGEXEXTRACT($J$3:$J$22,""^[+-]?[0-9]*\.?[0-9]+""))= V"&"ALUE(REGEXEXTRACT(O$3:O$22,""^[+-]?[0-9]*\.?[0-9]+"")))*1,0))) &""/""& SUM(ARRAYFORMULA(IFERROR( (VALUE(REGEXEXTRACT($J$3:$J$22,""^[+-]?[0-9]*\.?[0-9]+""))< VALUE(REGEXEXTRACT(O$3:O$22,""^[+-]?[0-9]*\.?[0-9]+"")))*1,0)))"),"13/0/7") -> 13/0/7 | P23: =IFERROR(__xludf.DUMMYFUNCTION("SUM(ARRAYFORMULA(IFERROR( (VALUE(REGEXEXTRACT($J$3:$J$22,""^[+-]?[0-9]*\.?[0-9]+""))> VALUE(REGEXEXTRACT(P$3:P$22,""^[+-]?[0-9]*\.?[0-9]+"")))*1,0))) &""/""& SUM(ARRAYFORMULA(IFERROR( (VALUE(REGEXEXTRACT($J$3:$J$22,""^[+-]?[0-9]*\.?[0-9]+""))= V"&"ALUE(REGEXEXTRACT(P$3:P$22,""^[+-]?[0-9]*\.?[0-9]+"")))*1,0))) &""/""& SUM(ARRAYFORMULA(IFERROR( (VALUE(REGEXEXTRACT($J$3:$J$22,""^[+-]?[0-9]*\.?[0-9]+""))< VALUE(REGEXEXTRACT(P$3:P$22,""^[+-]?[0-9]*\.?[0-9]+"")))*1,0)))"),"11/0/9") -> 11/0/9
A24: Average (%) | B24: 55.13 | C24: 16.76 | D24: 13.47 | E24: 38.13 | F24: 54.89 | G24: 54.03 | H24: 53.24 | I24: =A24 -> Average (%) | J24: =IFERROR(__xludf.DUMMYFUNCTION("ROUND(AVERAGE(ARRAYFORMULA(IFERROR(VALUE(REGEXEXTRACT(J$3:J$22,""^[+-]?[0-9]*\.?[0-9]+"")),""""))),2)"),55.13) -> 55.13 | K24: =IFERROR(__xludf.DUMMYFUNCTION("ROUND(AVERAGE(ARRAYFORMULA(IFERROR(VALUE(REGEXEXTRACT(K$3:K$22,""^[+-]?[0-9]*\.?[0-9]+"")),""""))),2)"),16.76) -> 16.76 | L24: =IFERROR(__xludf.DUMMYFUNCTION("ROUND(AVERAGE(ARRAYFORMULA(IFERROR(VALUE(REGEXEXTRACT(L$3:L$22,""^[+-]?[0-9]*\.?[0-9]+"")),""""))),2)"),13.47) -> 13.47 | M24: =IFERROR(__xludf.DUMMYFUNCTION("ROUND(AVERAGE(ARRAYFORMULA(IFERROR(VALUE(REGEXEXTRACT(M$3:M$22,""^[+-]?[0-9]*\.?[0-9]+"")),""""))),2)"),38.13) -> 38.13 | N24: =IFERROR(__xludf.DUMMYFUNCTION("ROUND(AVERAGE(ARRAYFORMULA(IFERROR(VALUE(REGEXEXTRACT(N$3:N$22,""^[+-]?[0-9]*\.?[0-9]+"")),""""))),2)"),54.89) -> 54.89 | O24: =IFERROR(__xludf.DUMMYFUNCTION("ROUND(AVERAGE(ARRAYFORMULA(IFERROR(VALUE(REGEXEXTRACT(O$3:O$22,""^[+-]?[0-9]*\.?[0-9]+"")),""""))),2)"),54.03) -> 54.03 | P24: =IFERROR(__xludf.DUMMYFUNCTION("ROUND(AVERAGE(ARRAYFORMULA(IFERROR(VALUE(REGEXEXTRACT(P$3:P$22,""^[+-]?[0-9]*\.?[0-9]+"")),""""))),2)"),53.24) -> 53.24
A25: RELINK | I25: RELINK
A26: A→S | B26: 0.7517 +/- 0.0259 | C26: 0.7517 +/- 0.0259 | D26: 0.6369 +/- 0.0506 | E26: 0.7517 +/- 0.0259 | F26: 0.7517 +/- 0.0259 | G26: 0.7517 +/- 0.0259 | H26: 0.7517 +/- 0.0259 | I26: =A26 -> A→S | J26: =IFERROR(__xludf.DUMMYFUNCTION("TEXT(VALUE(REGEXEXTRACT(B26,""^[+-]?[0-9]*\.?[0-9]+""))*100,""0.00"")&"" +/- ""&TEXT(VALUE(REGEXEXTRACT(B26,""[0-9]*\.?[0-9]+$""))*100,""0.00"")"),"75.17 +/- 2.59") -> 75.17 +/- 2.59 | K26: =IFERROR(__xludf.DUMMYFUNCTION("TEXT(VALUE(REGEXEXTRACT(C26,""^[+-]?[0-9]*\.?[0-9]+""))*100,""0.00"")&"" +/- ""&TEXT(VALUE(REGEXEXTRACT(C26,""[0-9]*\.?[0-9]+$""))*100,""0.00"")"),"75.17 +/- 2.59") -> 75.17 +/- 2.59 | L26: =IFERROR(__xludf.DUMMYFUNCTION("TEXT(VALUE(REGEXEXTRACT(D26,""^[+-]?[0-9]*\.?[0-9]+""))*100,""0.00"")&"" +/- ""&TEXT(VALUE(REGEXEXTRACT(D26,""[0-9]*\.?[0-9]+$""))*100,""0.00"")"),"63.69 +/- 5.06") -> 63.69 +/- 5.06 | M26: =IFERROR(__xludf.DUMMYFUNCTION("TEXT(VALUE(REGEXEXTRACT(E26,""^[+-]?[0-9]*\.?[0-9]+""))*100,""0.00"")&"" +/- ""&TEXT(VALUE(REGEXEXTRACT(E26,""[0-9]*\.?[0-9]+$""))*100,""0.00"")"),"75.17 +/- 2.59") -> 75.17 +/- 2.59 | N26: =IFERROR(__xludf.DUMMYFUNCTION("TEXT(VALUE(REGEXEXTRACT(F26,""^[+-]?[0-9]*\.?[0-9]+""))*100,""0.00"")&"" +/- ""&TEXT(VALUE(REGEXEXTRACT(F26,""[0-9]*\.?[0-9]+$""))*100,""0.00"")"),"75.17 +/- 2.59") -> 75.17 +/- 2.59 | O26: =IFERROR(__xludf.DUMMYFUNCTION("TEXT(VALUE(REGEXEXTRACT(G26,""^[+-]?[0-9]*\.?[0-9]+""))*100,""0.00"")&"" +/- ""&TEXT(VALUE(REGEXEXTRACT(G26,""[0-9]*\.?[0-9]+$""))*100,""0.00"")"),"75.17 +/- 2.59") -> 75.17 +/- 2.59 | P26: =IFERROR(__xludf.DUMMYFUNCTION("TEXT(VALUE(REGEXEXTRACT(H26,""^[+-]?[0-9]*\.?[0-9]+""))*100,""0.00"")&"" +/- ""&TEXT(VALUE(REGEXEXTRACT(H26,""[0-9]*\.?[0-9]+$""))*100,""0.00"")"),"75.17 +/- 2.59") -> 75.17 +/- 2.59
A27: A→Z | B27: 0.6073 +/- 0.0289 | C27: 0.6073 +/- 0.0289 | D27: 0.4296 +/- 0.0242 | E27: 0.6073 +/- 0.0289 | F27: 0.6073 +/- 0.0289 | G27: 0.6073 +/- 0.0289 | H27: 0.6073 +/- 0.0289 | I27: =A27 -> A→Z | J27: =IFERROR(__xludf.DUMMYFUNCTION("TEXT(VALUE(REGEXEXTRACT(B27,""^[+-]?[0-9]*\.?[0-9]+""))*100,""0.00"")&"" +/- ""&TEXT(VALUE(REGEXEXTRACT(B27,""[0-9]*\.?[0-9]+$""))*100,""0.00"")"),"60.73 +/- 2.89") -> 60.73 +/- 2.89 | K27: =IFERROR(__xludf.DUMMYFUNCTION("TEXT(VALUE(REGEXEXTRACT(C27,""^[+-]?[0-9]*\.?[0-9]+""))*100,""0.00"")&"" +/- ""&TEXT(VALUE(REGEXEXTRACT(C27,""[0-9]*\.?[0-9]+$""))*100,""0.00"")"),"60.73 +/- 2.89") -> 60.73 +/- 2.89 | L27: =IFERROR(__xludf.DUMMYFUNCTION("TEXT(VALUE(REGEXEXTRACT(D27,""^[+-]?[0-9]*\.?[0-9]+""))*100,""0.00"")&"" +/- ""&TEXT(VALUE(REGEXEXTRACT(D27,""[0-9]*\.?[0-9]+$""))*100,""0.00"")"),"42.96 +/- 2.42") -> 42.96 +/- 2.42 | M27: =IFERROR(__xludf.DUMMYFUNCTION("TEXT(VALUE(REGEXEXTRACT(E27,""^[+-]?[0-9]*\.?[0-9]+""))*100,""0.00"")&"" +/- ""&TEXT(VALUE(REGEXEXTRACT(E27,""[0-9]*\.?[0-9]+$""))*100,""0.00"")"),"60.73 +/- 2.89") -> 60.73 +/- 2.89 | N27: =IFERROR(__xludf.DUMMYFUNCTION("TEXT(VALUE(REGEXEXTRACT(F27,""^[+-]?[0-9]*\.?[0-9]+""))*100,""0.00"")&"" +/- ""&TEXT(VALUE(REGEXEXTRACT(F27,""[0-9]*\.?[0-9]+$""))*100,""0.00"")"),"60.73 +/- 2.89") -> 60.73 +/- 2.89 | O27: =IFERROR(__xludf.DUMMYFUNCTION("TEXT(VALUE(REGEXEXTRACT(G27,""^[+-]?[0-9]*\.?[0-9]+""))*100,""0.00"")&"" +/- ""&TEXT(VALUE(REGEXEXTRACT(G27,""[0-9]*\.?[0-9]+$""))*100,""0.00"")"),"60.73 +/- 2.89") -> 60.73 +/- 2.89 | P27: =IFERROR(__xludf.DUMMYFUNCTION("TEXT(VALUE(REGEXEXTRACT(H27,""^[+-]?[0-9]*\.?[0-9]+""))*100,""0.00"")&"" +/- ""&TEXT(VALUE(REGEXEXTRACT(H27,""[0-9]*\.?[0-9]+$""))*100,""0.00"")"),"60.73 +/- 2.89") -> 60.73 +/- 2.89
A28: S→A | B28: 0.6841 +/- 0.0106 | C28: 0.6771 +/- 0.0086 | D28: 0.5228 +/- 0.0296 | E28: 0.6976 +/- 0.0181 | F28: 0.7074 +/- 0.0121 | G28: 0.6966 +/- 0.0159 | H28: 0.6894 +/- 0.0123 | I28: =A28 -> S→A | J28: =IFERROR(__xludf.DUMMYFUNCTION("TEXT(VALUE(REGEXEXTRACT(B28,""^[+-]?[0-9]*\.?[0-9]+""))*100,""0.00"")&"" +/- ""&TEXT(VALUE(REGEXEXTRACT(B28,""[0-9]*\.?[0-9]+$""))*100,""0.00"")"),"68.41 +/- 1.06") -> 68.41 +/- 1.06 | K28: =IFERROR(__xludf.DUMMYFUNCTION("TEXT(VALUE(REGEXEXTRACT(C28,""^[+-]?[0-9]*\.?[0-9]+""))*100,""0.00"")&"" +/- ""&TEXT(VALUE(REGEXEXTRACT(C28,""[0-9]*\.?[0-9]+$""))*100,""0.00"")"),"67.71 +/- 0.86") -> 67.71 +/- 0.86 | L28: =IFERROR(__xludf.DUMMYFUNCTION("TEXT(VALUE(REGEXEXTRACT(D28,""^[+-]?[0-9]*\.?[0-9]+""))*100,""0.00"")&"" +/- ""&TEXT(VALUE(REGEXEXTRACT(D28,""[0-9]*\.?[0-9]+$""))*100,""0.00"")"),"52.28 +/- 2.96") -> 52.28 +/- 2.96 | M28: =IFERROR(__xludf.DUMMYFUNCTION("TEXT(VALUE(REGEXEXTRACT(E28,""^[+-]?[0-9]*\.?[0-9]+""))*100,""0.00"")&"" +/- ""&TEXT(VALUE(REGEXEXTRACT(E28,""[0-9]*\.?[0-9]+$""))*100,""0.00"")"),"69.76 +/- 1.81") -> 69.76 +/- 1.81 | N28: =IFERROR(__xludf.DUMMYFUNCTION("TEXT(VALUE(REGEXEXTRACT(F28,""^[+-]?[0-9]*\.?[0-9]+""))*100,""0.00"")&"" +/- ""&TEXT(VALUE(REGEXEXTRACT(F28,""[0-9]*\.?[0-9]+$""))*100,""0.00"")"),"70.74 +/- 1.21") -> 70.74 +/- 1.21 | O28: =IFERROR(__xludf.DUMMYFUNCTION("TEXT(VALUE(REGEXEXTRACT(G28,""^[+-]?[0-9]*\.?[0-9]+""))*100,""0.00"")&"" +/- ""&TEXT(VALUE(REGEXEXTRACT(G28,""[0-9]*\.?[0-9]+$""))*100,""0.00"")"),"69.66 +/- 1.59") -> 69.66 +/- 1.59 | P28: =IFERROR(__xludf.DUMMYFUNCTION("TEXT(VALUE(REGEXEXTRACT(H28,""^[+-]?[0-9]*\.?[0-9]+""))*100,""0.00"")&"" +/- ""&TEXT(VALUE(REGEXEXTRACT(H28,""[0-9]*\.?[0-9]+$""))*100,""0.00"")"),"68.94 +/- 1.23") -> 68.94 +/- 1.23
A29: S→Z | B29: 0.5670 +/- 0.0134 | C29: 0.5415 +/- 0.0128 | D29: 0.4821 +/- 0.0281 | E29: 0.5684 +/- 0.0211 | F29: 0.6087 +/- 0.0150 | G29: 0.6010 +/- 0.0238 | H29: 0.5610 +/- 0.0189 | I29: =A29 -> S→Z | J29: =IFERROR(__xludf.DUMMYFUNCTION("TEXT(VALUE(REGEXEXTRACT(B29,""^[+-]?[0-9]*\.?[0-9]+""))*100,""0.00"")&"" +/- ""&TEXT(VALUE(REGEXEXTRACT(B29,""[0-9]*\.?[0-9]+$""))*100,""0.00"")"),"56.70 +/- 1.34") -> 56.70 +/- 1.34 | K29: =IFERROR(__xludf.DUMMYFUNCTION("TEXT(VALUE(REGEXEXTRACT(C29,""^[+-]?[0-9]*\.?[0-9]+""))*100,""0.00"")&"" +/- ""&TEXT(VALUE(REGEXEXTRACT(C29,""[0-9]*\.?[0-9]+$""))*100,""0.00"")"),"54.15 +/- 1.28") -> 54.15 +/- 1.28 | L29: =IFERROR(__xludf.DUMMYFUNCTION("TEXT(VALUE(REGEXEXTRACT(D29,""^[+-]?[0-9]*\.?[0-9]+""))*100,""0.00"")&"" +/- ""&TEXT(VALUE(REGEXEXTRACT(D29,""[0-9]*\.?[0-9]+$""))*100,""0.00"")"),"48.21 +/- 2.81") -> 48.21 +/- 2.81 | M29: =IFERROR(__xludf.DUMMYFUNCTION("TEXT(VALUE(REGEXEXTRACT(E29,""^[+-]?[0-9]*\.?[0-9]+""))*100,""0.00"")&"" +/- ""&TEXT(VALUE(REGEXEXTRACT(E29,""[0-9]*\.?[0-9]+$""))*100,""0.00"")"),"56.84 +/- 2.11") -> 56.84 +/- 2.11 | N29: =IFERROR(__xludf.DUMMYFUNCTION("TEXT(VALUE(REGEXEXTRACT(F29,""^[+-]?[0-9]*\.?[0-9]+""))*100,""0.00"")&"" +/- ""&TEXT(VALUE(REGEXEXTRACT(F29,""[0-9]*\.?[0-9]+$""))*100,""0.00"")"),"60.87 +/- 1.50") -> 60.87 +/- 1.50 | O29: =IFERROR(__xludf.DUMMYFUNCTION("TEXT(VALUE(REGEXEXTRACT(G29,""^[+-]?[0-9]*\.?[0-9]+""))*100,""0.00"")&"" +/- ""&TEXT(VALUE(REGEXEXTRACT(G29,""[0-9]*\.?[0-9]+$""))*100,""0.00"")"),"60.10 +/- 2.38") -> 60.10 +/- 2.38 | P29: =IFERROR(__xludf.DUMMYFUNCTION("TEXT(VALUE(REGEXEXTRACT(H29,""^[+-]?[0-9]*\.?[0-9]+""))*100,""0.00"")&"" +/- ""&TEXT(VALUE(REGEXEXTRACT(H29,""[0-9]*\.?[0-9]+$""))*100,""0.00"")"),"56.10 +/- 1.89") -> 56.10 +/- 1.89
A30: Z→A | B30: 0.6347 +/- 0.0173 | C30: 0.2973 +/- 0.0289 | D30: 0.2855 +/- 0.0599 | E30: 0.5258 +/- 0.0351 | F30: 0.6272 +/- 0.0214 | G30: 0.6257 +/- 0.0205 | H30: 0.4276 +/- 0.0243 | I30: =A30 -> Z→A | J30: =IFERROR(__xludf.DUMMYFUNCTION("TEXT(VALUE(REGEXEXTRACT(B30,""^[+-]?[0-9]*\.?[0-9]+""))*100,""0.00"")&"" +/- ""&TEXT(VALUE(REGEXEXTRACT(B30,""[0-9]*\.?[0-9]+$""))*100,""0.00"")"),"63.47 +/- 1.73") -> 63.47 +/- 1.73 | K30: =IFERROR(__xludf.DUMMYFUNCTION("TEXT(VALUE(REGEXEXTRACT(C30,""^[+-]?[0-9]*\.?[0-9]+""))*100,""0.00"")&"" +/- ""&TEXT(VALUE(REGEXEXTRACT(C30,""[0-9]*\.?[0-9]+$""))*100,""0.00"")"),"29.73 +/- 2.89") -> 29.73 +/- 2.89 | L30: =IFERROR(__xludf.DUMMYFUNCTION("TEXT(VALUE(REGEXEXTRACT(D30,""^[+-]?[0-9]*\.?[0-9]+""))*100,""0.00"")&"" +/- ""&TEXT(VALUE(REGEXEXTRACT(D30,""[0-9]*\.?[0-9]+$""))*100,""0.00"")"),"28.55 +/- 5.99") -> 28.55 +/- 5.99 | M30: =IFERROR(__xludf.DUMMYFUNCTION("TEXT(VALUE(REGEXEXTRACT(E30,""^[+-]?[0-9]*\.?[0-9]+""))*100,""0.00"")&"" +/- ""&TEXT(VALUE(REGEXEXTRACT(E30,""[0-9]*\.?[0-9]+$""))*100,""0.00"")"),"52.58 +/- 3.51") -> 52.58 +/- 3.51 | N30: =IFERROR(__xludf.DUMMYFUNCTION("TEXT(VALUE(REGEXEXTRACT(F30,""^[+-]?[0-9]*\.?[0-9]+""))*100,""0.00"")&"" +/- ""&TEXT(VALUE(REGEXEXTRACT(F30,""[0-9]*\.?[0-9]+$""))*100,""0.00"")"),"62.72 +/- 2.14") -> 62.72 +/- 2.14 | O30: =IFERROR(__xludf.DUMMYFUNCTION("TEXT(VALUE(REGEXEXTRACT(G30,""^[+-]?[0-9]*\.?[0-9]+""))*100,""0.00"")&"" +/- ""&TEXT(VALUE(REGEXEXTRACT(G30,""[0-9]*\.?[0-9]+$""))*100,""0.00"")"),"62.57 +/- 2.05") -> 62.57 +/- 2.05 | P30: =IFERROR(__xludf.DUMMYFUNCTION("TEXT(VALUE(REGEXEXTRACT(H30,""^[+-]?[0-9]*\.?[0-9]+""))*100,""0.00"")&"" +/- ""&TEXT(VALUE(REGEXEXTRACT(H30,""[0-9]*\.?[0-9]+$""))*100,""0.00"")"),"42.76 +/- 2.43") -> 42.76 +/- 2.43
A31: Z→S | B31: 0.7076 +/- 0.0267 | C31: 0.5442 +/- 0.0296 | D31: 0.3472 +/- 0.0679 | E31: 0.6258 +/- 0.0333 | F31: 0.6703 +/- 0.0260 | G31: 0.6668 +/- 0.0379 | H31: 0.4356 +/- 0.0354 | I31: =A31 -> Z→S | J31: =IFERROR(__xludf.DUMMYFUNCTION("TEXT(VALUE(REGEXEXTRACT(B31,""^[+-]?[0-9]*\.?[0-9]+""))*100,""0.00"")&"" +/- ""&TEXT(VALUE(REGEXEXTRACT(B31,""[0-9]*\.?[0-9]+$""))*100,""0.00"")"),"70.76 +/- 2.67") -> 70.76 +/- 2.67 | K31: =IFERROR(__xludf.DUMMYFUNCTION("TEXT(VALUE(REGEXEXTRACT(C31,""^[+-]?[0-9]*\.?[0-9]+""))*100,""0.00"")&"" +/- ""&TEXT(VALUE(REGEXEXTRACT(C31,""[0-9]*\.?[0-9]+$""))*100,""0.00"")"),"54.42 +/- 2.96") -> 54.42 +/- 2.96 | L31: =IFERROR(__xludf.DUMMYFUNCTION("TEXT(VALUE(REGEXEXTRACT(D31,""^[+-]?[0-9]*\.?[0-9]+""))*100,""0.00"")&"" +/- ""&TEXT(VALUE(REGEXEXTRACT(D31,""[0-9]*\.?[0-9]+$""))*100,""0.00"")"),"34.72 +/- 6.79") -> 34.72 +/- 6.79 | M31: =IFERROR(__xludf.DUMMYFUNCTION("TEXT(VALUE(REGEXEXTRACT(E31,""^[+-]?[0-9]*\.?[0-9]+""))*100,""0.00"")&"" +/- ""&TEXT(VALUE(REGEXEXTRACT(E31,""[0-9]*\.?[0-9]+$""))*100,""0.00"")"),"62.58 +/- 3.33") -> 62.58 +/- 3.33 | N31: =IFERROR(__xludf.DUMMYFUNCTION("TEXT(VALUE(REGEXEXTRACT(F31,""^[+-]?[0-9]*\.?[0-9]+""))*100,""0.00"")&"" +/- ""&TEXT(VALUE(REGEXEXTRACT(F31,""[0-9]*\.?[0-9]+$""))*100,""0.00"")"),"67.03 +/- 2.60") -> 67.03 +/- 2.60 | O31: =IFERROR(__xludf.DUMMYFUNCTION("TEXT(VALUE(REGEXEXTRACT(G31,""^[+-]?[0-9]*\.?[0-9]+""))*100,""0.00"")&"" +/- ""&TEXT(VALUE(REGEXEXTRACT(G31,""[0-9]*\.?[0-9]+$""))*100,""0.00"")"),"66.68 +/- 3.79") -> 66.68 +/- 3.79 | P31: =IFERROR(__xludf.DUMMYFUNCTION("TEXT(VALUE(REGEXEXTRACT(H31,""^[+-]?[0-9]*\.?[0-9]+""))*100,""0.00"")&"" +/- ""&TEXT(VALUE(REGEXEXTRACT(H31,""[0-9]*\.?[0-9]+$""))*100,""0.00"")"),"43.56 +/- 3.54") -> 43.56 +/- 3.54
A32: W/T/L | C32: 4/2/0 | D32: 6/0/0 | E32: 2/2/2 | F32: 2/2/2 | G32: 2/2/2 | H32: 3/2/1 | I32: =A32 -> W/T/L | K32: =IFERROR(__xludf.DUMMYFUNCTION("SUM(ARRAYFORMULA(IFERROR( (VALUE(REGEXEXTRACT($J$26:$J$31,""^[+-]?[0-9]*\.?[0-9]+""))> VALUE(REGEXEXTRACT(K$26:K$31,""^[+-]?[0-9]*\.?[0-9]+"")))*1,0))) &""/""& SUM(ARRAYFORMULA(IFERROR( (VALUE(REGEXEXTRACT($J$26:$J$31,""^[+-]?[0-9]*\.?[0-9]+""))= "&" VALUE(REGEXEXTRACT(K$26:K$31,""^[+-]?[0-9]*\.?[0-9]+"")))*1,0))) &""/""& SUM(ARRAYFORMULA(IFERROR( (VALUE(REGEXEXTRACT($J$26:$J$31,""^[+-]?[0-9]*\.?[0-9]+""))< VALUE(REGEXEXTRACT(K$26:K$31,""^[+-]?[0-9]*\.?[0-9]+"")))*1,0)))"),"4/2/0") -> 4/2/0 | L32: =IFERROR(__xludf.DUMMYFUNCTION("SUM(ARRAYFORMULA(IFERROR( (VALUE(REGEXEXTRACT($J$26:$J$31,""^[+-]?[0-9]*\.?[0-9]+""))> VALUE(REGEXEXTRACT(L$26:L$31,""^[+-]?[0-9]*\.?[0-9]+"")))*1,0))) &""/""& SUM(ARRAYFORMULA(IFERROR( (VALUE(REGEXEXTRACT($J$26:$J$31,""^[+-]?[0-9]*\.?[0-9]+""))= "&" VALUE(REGEXEXTRACT(L$26:L$31,""^[+-]?[0-9]*\.?[0-9]+"")))*1,0))) &""/""& SUM(ARRAYFORMULA(IFERROR( (VALUE(REGEXEXTRACT($J$26:$J$31,""^[+-]?[0-9]*\.?[0-9]+""))< VALUE(REGEXEXTRACT(L$26:L$31,""^[+-]?[0-9]*\.?[0-9]+"")))*1,0)))"),"6/0/0") -> 6/0/0 | M32: =IFERROR(__xludf.DUMMYFUNCTION("SUM(ARRAYFORMULA(IFERROR( (VALUE(REGEXEXTRACT($J$26:$J$31,""^[+-]?[0-9]*\.?[0-9]+""))> VALUE(REGEXEXTRACT(M$26:M$31,""^[+-]?[0-9]*\.?[0-9]+"")))*1,0))) &""/""& SUM(ARRAYFORMULA(IFERROR( (VALUE(REGEXEXTRACT($J$26:$J$31,""^[+-]?[0-9]*\.?[0-9]+""))= "&" VALUE(REGEXEXTRACT(M$26:M$31,""^[+-]?[0-9]*\.?[0-9]+"")))*1,0))) &""/""& SUM(ARRAYFORMULA(IFERROR( (VALUE(REGEXEXTRACT($J$26:$J$31,""^[+-]?[0-9]*\.?[0-9]+""))< VALUE(REGEXEXTRACT(M$26:M$31,""^[+-]?[0-9]*\.?[0-9]+"")))*1,0)))"),"2/2/2") -> 2/2/2 | N32: =IFERROR(__xludf.DUMMYFUNCTION("SUM(ARRAYFORMULA(IFERROR( (VALUE(REGEXEXTRACT($J$26:$J$31,""^[+-]?[0-9]*\.?[0-9]+""))> VALUE(REGEXEXTRACT(N$26:N$31,""^[+-]?[0-9]*\.?[0-9]+"")))*1,0))) &""/""& SUM(ARRAYFORMULA(IFERROR( (VALUE(REGEXEXTRACT($J$26:$J$31,""^[+-]?[0-9]*\.?[0-9]+""))= "&" VALUE(REGEXEXTRACT(N$26:N$31,""^[+-]?[0-9]*\.?[0-9]+"")))*1,0))) &""/""& SUM(ARRAYFORMULA(IFERROR( (VALUE(REGEXEXTRACT($J$26:$J$31,""^[+-]?[0-9]*\.?[0-9]+""))< VALUE(REGEXEXTRACT(N$26:N$31,""^[+-]?[0-9]*\.?[0-9]+"")))*1,0)))"),"2/2/2") -> 2/2/2 | O32: =IFERROR(__xludf.DUMMYFUNCTION("SUM(ARRAYFORMULA(IFERROR( (VALUE(REGEXEXTRACT($J$26:$J$31,""^[+-]?[0-9]*\.?[0-9]+""))> VALUE(REGEXEXTRACT(O$26:O$31,""^[+-]?[0-9]*\.?[0-9]+"")))*1,0))) &""/""& SUM(ARRAYFORMULA(IFERROR( (VALUE(REGEXEXTRACT($J$26:$J$31,""^[+-]?[0-9]*\.?[0-9]+""))= "&" VALUE(REGEXEXTRACT(O$26:O$31,""^[+-]?[0-9]*\.?[0-9]+"")))*1,0))) &""/""& SUM(ARRAYFORMULA(IFERROR( (VALUE(REGEXEXTRACT($J$26:$J$31,""^[+-]?[0-9]*\.?[0-9]+""))< VALUE(REGEXEXTRACT(O$26:O$31,""^[+-]?[0-9]*\.?[0-9]+"")))*1,0)))"),"2/2/2") -> 2/2/2 | P32: =IFERROR(__xludf.DUMMYFUNCTION("SUM(ARRAYFORMULA(IFERROR( (VALUE(REGEXEXTRACT($J$26:$J$31,""^[+-]?[0-9]*\.?[0-9]+""))> VALUE(REGEXEXTRACT(P$26:P$31,""^[+-]?[0-9]*\.?[0-9]+"")))*1,0))) &""/""& SUM(ARRAYFORMULA(IFERROR( (VALUE(REGEXEXTRACT($J$26:$J$31,""^[+-]?[0-9]*\.?[0-9]+""))= "&" VALUE(REGEXEXTRACT(P$26:P$31,""^[+-]?[0-9]*\.?[0-9]+"")))*1,0))) &""/""& SUM(ARRAYFORMULA(IFERROR( (VALUE(REGEXEXTRACT($J$26:$J$31,""^[+-]?[0-9]*\.?[0-9]+""))< VALUE(REGEXEXTRACT(P$26:P$31,""^[+-]?[0-9]*\.?[0-9]+"")))*1,0)))"),"3/2/1") -> 3/2/1
A33: Average (%) | B33: 65.87 | C33: 56.98 | D33: 45.07 | E33: 62.94 | F33: 66.21 | G33: 65.82 | H33: 57.88 | I33: =A33 -> Average (%) | J33: =IFERROR(__xludf.DUMMYFUNCTION("ROUND(AVERAGE(ARRAYFORMULA(IFERROR(VALUE(REGEXEXTRACT(J$26:J$31,""^[+-]?[0-9]*\.?[0-9]+"")),""""))),2)"),65.87) -> 65.87 | K33: =IFERROR(__xludf.DUMMYFUNCTION("ROUND(AVERAGE(ARRAYFORMULA(IFERROR(VALUE(REGEXEXTRACT(K$26:K$31,""^[+-]?[0-9]*\.?[0-9]+"")),""""))),2)"),56.99) -> 56.99 | L33: =IFERROR(__xludf.DUMMYFUNCTION("ROUND(AVERAGE(ARRAYFORMULA(IFERROR(VALUE(REGEXEXTRACT(L$26:L$31,""^[+-]?[0-9]*\.?[0-9]+"")),""""))),2)"),45.07) -> 45.07 | M33: =IFERROR(__xludf.DUMMYFUNCTION("ROUND(AVERAGE(ARRAYFORMULA(IFERROR(VALUE(REGEXEXTRACT(M$26:M$31,""^[+-]?[0-9]*\.?[0-9]+"")),""""))),2)"),62.94) -> 62.94 | N33: =IFERROR(__xludf.DUMMYFUNCTION("ROUND(AVERAGE(ARRAYFORMULA(IFERROR(VALUE(REGEXEXTRACT(N$26:N$31,""^[+-]?[0-9]*\.?[0-9]+"")),""""))),2)"),66.21) -> 66.21 | O33: =IFERROR(__xludf.DUMMYFUNCTION("ROUND(AVERAGE(ARRAYFORMULA(IFERROR(VALUE(REGEXEXTRACT(O$26:O$31,""^[+-]?[0-9]*\.?[0-9]+"")),""""))),2)"),65.82) -> 65.82 | P33: =IFERROR(__xludf.DUMMYFUNCTION("ROUND(AVERAGE(ARRAYFORMULA(IFERROR(VALUE(REGEXEXTRACT(P$26:P$31,""^[+-]?[0-9]*\.?[0-9]+"")),""""))),2)"),57.88) -> 57.88
A34: SOFTLAB | I34: SOFTLAB
A35: AR1→AR3 | B35: 0.6534 +/- 0.0289 | C35: 0.3662 +/- 0.0886 | D35: 0.3002 +/- 0.1780 | E35: 0.6644 +/- 0.0338 | F35: 0.6400 +/- 0.0367 | G35: 0.6442 +/- 0.0357 | H35: 0.8177 +/- 0.0240 | I35: =A35 -> AR1→AR3 | J35: =IFERROR(__xludf.DUMMYFUNCTION("TEXT(VALUE(REGEXEXTRACT(B35,""^[+-]?[0-9]*\.?[0-9]+""))*100,""0.00"")&"" +/- ""&TEXT(VALUE(REGEXEXTRACT(B35,""[0-9]*\.?[0-9]+$""))*100,""0.00"")"),"65.34 +/- 2.89") -> 65.34 +/- 2.89 | K35: =IFERROR(__xludf.DUMMYFUNCTION("TEXT(VALUE(REGEXEXTRACT(C35,""^[+-]?[0-9]*\.?[0-9]+""))*100,""0.00"")&"" +/- ""&TEXT(VALUE(REGEXEXTRACT(C35,""[0-9]*\.?[0-9]+$""))*100,""0.00"")"),"36.62 +/- 8.86") -> 36.62 +/- 8.86 | L35: =IFERROR(__xludf.DUMMYFUNCTION("TEXT(VALUE(REGEXEXTRACT(D35,""^[+-]?[0-9]*\.?[0-9]+""))*100,""0.00"")&"" +/- ""&TEXT(VALUE(REGEXEXTRACT(D35,""[0-9]*\.?[0-9]+$""))*100,""0.00"")"),"30.02 +/- 17.80") -> 30.02 +/- 17.80 | M35: =IFERROR(__xludf.DUMMYFUNCTION("TEXT(VALUE(REGEXEXTRACT(E35,""^[+-]?[0-9]*\.?[0-9]+""))*100,""0.00"")&"" +/- ""&TEXT(VALUE(REGEXEXTRACT(E35,""[0-9]*\.?[0-9]+$""))*100,""0.00"")"),"66.44 +/- 3.38") -> 66.44 +/- 3.38 | N35: =IFERROR(__xludf.DUMMYFUNCTION("TEXT(VALUE(REGEXEXTRACT(F35,""^[+-]?[0-9]*\.?[0-9]+""))*100,""0.00"")&"" +/- ""&TEXT(VALUE(REGEXEXTRACT(F35,""[0-9]*\.?[0-9]+$""))*100,""0.00"")"),"64.00 +/- 3.67") -> 64.00 +/- 3.67 | O35: =IFERROR(__xludf.DUMMYFUNCTION("TEXT(VALUE(REGEXEXTRACT(G35,""^[+-]?[0-9]*\.?[0-9]+""))*100,""0.00"")&"" +/- ""&TEXT(VALUE(REGEXEXTRACT(G35,""[0-9]*\.?[0-9]+$""))*100,""0.00"")"),"64.42 +/- 3.57") -> 64.42 +/- 3.57 | P35: =IFERROR(__xludf.DUMMYFUNCTION("TEXT(VALUE(REGEXEXTRACT(H35,""^[+-]?[0-9]*\.?[0-9]+""))*100,""0.00"")&"" +/- ""&TEXT(VALUE(REGEXEXTRACT(H35,""[0-9]*\.?[0-9]+$""))*100,""0.00"")"),"81.77 +/- 2.40") -> 81.77 +/- 2.40
A36: AR1→AR4 | B36: 0.6859 +/- 0.0352 | C36: 0.0894 +/- 0.1114 | D36: 0.0148 +/- 0.0564 | E36: 0.4676 +/- 0.1131 | F36: 0.6988 +/- 0.0348 | G36: 0.6981 +/- 0.0194 | H36: 0.6413 +/- 0.0355 | I36: =A36 -> AR1→AR4 | J36: =IFERROR(__xludf.DUMMYFUNCTION("TEXT(VALUE(REGEXEXTRACT(B36,""^[+-]?[0-9]*\.?[0-9]+""))*100,""0.00"")&"" +/- ""&TEXT(VALUE(REGEXEXTRACT(B36,""[0-9]*\.?[0-9]+$""))*100,""0.00"")"),"68.59 +/- 3.52") -> 68.59 +/- 3.52 | K36: =IFERROR(__xludf.DUMMYFUNCTION("TEXT(VALUE(REGEXEXTRACT(C36,""^[+-]?[0-9]*\.?[0-9]+""))*100,""0.00"")&"" +/- ""&TEXT(VALUE(REGEXEXTRACT(C36,""[0-9]*\.?[0-9]+$""))*100,""0.00"")"),"8.94 +/- 11.14") -> 8.94 +/- 11.14 | L36: =IFERROR(__xludf.DUMMYFUNCTION("TEXT(VALUE(REGEXEXTRACT(D36,""^[+-]?[0-9]*\.?[0-9]+""))*100,""0.00"")&"" +/- ""&TEXT(VALUE(REGEXEXTRACT(D36,""[0-9]*\.?[0-9]+$""))*100,""0.00"")"),"1.48 +/- 5.64") -> 1.48 +/- 5.64 | M36: =IFERROR(__xludf.DUMMYFUNCTION("TEXT(VALUE(REGEXEXTRACT(E36,""^[+-]?[0-9]*\.?[0-9]+""))*100,""0.00"")&"" +/- ""&TEXT(VALUE(REGEXEXTRACT(E36,""[0-9]*\.?[0-9]+$""))*100,""0.00"")"),"46.76 +/- 11.31") -> 46.76 +/- 11.31 | N36: =IFERROR(__xludf.DUMMYFUNCTION("TEXT(VALUE(REGEXEXTRACT(F36,""^[+-]?[0-9]*\.?[0-9]+""))*100,""0.00"")&"" +/- ""&TEXT(VALUE(REGEXEXTRACT(F36,""[0-9]*\.?[0-9]+$""))*100,""0.00"")"),"69.88 +/- 3.48") -> 69.88 +/- 3.48 | O36: =IFERROR(__xludf.DUMMYFUNCTION("TEXT(VALUE(REGEXEXTRACT(G36,""^[+-]?[0-9]*\.?[0-9]+""))*100,""0.00"")&"" +/- ""&TEXT(VALUE(REGEXEXTRACT(G36,""[0-9]*\.?[0-9]+$""))*100,""0.00"")"),"69.81 +/- 1.94") -> 69.81 +/- 1.94 | P36: =IFERROR(__xludf.DUMMYFUNCTION("TEXT(VALUE(REGEXEXTRACT(H36,""^[+-]?[0-9]*\.?[0-9]+""))*100,""0.00"")&"" +/- ""&TEXT(VALUE(REGEXEXTRACT(H36,""[0-9]*\.?[0-9]+$""))*100,""0.00"")"),"64.13 +/- 3.55") -> 64.13 +/- 3.55
